company_name,company_domain,company_category
HETERO LABS LIMITED,heteroworld.com,CAT A
EATON TECHNOLOGIES PRIVATE LIMITED,eaton.in,CAT A
EMIDS TECHNOLOGIES PRIVATE LIMITED,emids.com,CAT A
MY HOME INDUSTRIES PRIVATE LIMITED,myhomeindustries.com,CAT A
AVR SWARNAMAHAL JEWELRY LIMITED,avrswarnamahal.com,CAT A
VERIZON DATA SERVICES INDIA PRIVATE LIMITED,verizon.com,CAT A
VMWARE SOFTWARE INDIA PRIVATE LIMITED,vmware.com/in,CAT A
SANATHAN TEXTILES LIMITED,sanathan.com,CAT A
PARKER HANNIFIN INDIA PRIVATE LIMITED,parker.com,CAT A
OGILVY AND MATHER PRIVATE LIMITED,ogilvy.com,CAT A
BT TELECOM INDIA PRIVATE LIMITED,globalservices.bt.com/in,CAT A
KALYAN SILKS TRICHUR PRIVATE LIMITED,kalyansilks.com,CAT A
PHYSICIANS INTERACTIVE INDIA PRIVATE LIMITED,physiciansinteractive.com,CAT A
ASUS TECHNOLOGY PRIVATE LIMITED,asus.com,CAT A
PRAJ HIPURITY SYSTEMS LIMITED,prajhipurity.net,CAT A
PREMIER MEDICAL CORPORATION PRIVATE LIMITED,premiermedcorp.com,CAT A
CHLORIDE METALS LIMITED,chloridemetals.in,CAT A
CHOWGULE INDUSTRIES PRIVATE LIMITED,chowguleindustries.com,CAT A
RAPTAKOS BRETT AND COMPANY LIMITED,raptakos.com,CAT A
BUNGE INDIA PRIVATE LIMITED,bungeindia.com,CAT A
LOKMAT MEDIA PRIVATE LIMITED,lokmat.net,CAT A
LOPAREX INDIA PRIVATE LIMITED,releasepaperfilms.com,CAT A
ROOTS MULTI CLEAN LIMITED,rootsmulticlean.in,CAT A
ROULUNDS BRAKING INDIA PRIVATE LIMITED,roulunds-braking.eu,CAT A
SAMSON MARITIME LIMITED,samsonmaritime.com,CAT A
CYBERABAD CONVENTION CENTRE PRIVATE LIMITED,hicc.com,CAT A
DANBLOCK BRAKES INDIA PRIVATE LIMITED,matholdingsinc.com,CAT A
SCHINDLER INDIA PRIVATE LIMITED,india.schindler.com,CAT A
DIMEXON DIAMONDS LIMITED,dimexon.com,CAT A
ENZENE BIOSCIENCES LIMITED,enzene.com,CAT A
FLATWORLD SOLUTIONS PRIVATE LIMITED,flatworldsolutions.com,CAT A
FMI AUTOMOTIVE COMPONENTS PRIVATE LIMITED,futabasangyo.com,CAT A
AKUMS DRUGS AND PHARMACEUTICALS LIMITED,akums.in,CAT A
MEDHA SERVO DRIVES PVT LTD,medha.com,CAT A
GELTEC PRIVATE LIMITED,geltec.in,CAT A
AMEYA LOGISTICS PRIVATE LIMITED,ameyalogistics.com,CAT A
TARGET CORPORATION INDIA PRIVATE LIMITED,corporate.target.com/india/,CAT A
TATA AUTOCOMP HENDRICKSON SUSPENSIONS PRIVATE LIMITED,tacogroup.com,CAT A
APTONLINE LIMITED,aptonline.in,CAT A
THE DHAMRA PORT COMPANY LIMITED,dhamraport.com/,CAT A
IDEMITSU LUBE INDIA PRIVATE LIMITED,ilindia.idemitsu.com,CAT A
BIOSTADT INDIA LIMITED,biostadt.com,CAT A
DUROVALVES INDIA PRIVATE LIMITED,varrocgroup.com,CAT A
SAVEX TECHNOLOGIES PRIVATE LIMITED,savex.org,CAT A
BHILOSA INDUSTRIES PRIVATE LIMITED,bhilosa.com,CAT A
KHAZANA JEWELLERY PRIVATE LIMITED,khazanajewellery.com,CAT A
MAZDA COLOURS LIMITED,mazdacolours.com,CAT A
SIEGWERK INDIA PRIVATE LIMITED,siegwerk.com,CAT A
SANDOZ PRIVATE LIMITED,sandoz.com,CAT A
EWAC ALLOYS LIMITED,ewacalloys.com,CAT A
FLAMINGO PHARMACEUTICALS LIMITED,flamingopharma.com,CAT A
GHARDA CHEMICALS LIMITED,gharda.com,CAT A
GUJARAT TEA PROCESSORS AND PACKERS LIMITED,waghbakritea.com,CAT A
HLS ASIA LIMITED,hlsasia.com,CAT A
PERNOD RICARD INDIA PRIVATE LIMITED,pernod-ricard.com,CAT A
CAPARO ENGINEERING INDIA LIMITED,caparo.co.in,CAT A
SYSTOPIC LABORATORIES PRIVATE LIMITED,systopic.com,CAT A
LANXESS INDIA PRIVATE LIMITED,lanxess.in/about-lanxess-india/lanxess-india-homepage,CAT A
MAITHON POWER LIMITED,tatapower.com/plants-projects/thermal-generation-projects/maithon-1050mw.aspx,CAT A
MANAKSIA LIMITED,manaksia.com,CAT A
HANON AUTOMOTIVE SYSTEMS INDIA PRIVATE LIMITED,hanonsystems.com,CAT A
RAMKRISHNA CARE MEDICAL SCIENCES PRIVATE LIMITED,carehospitals.com,CAT A
RIVIERA HOME FURNISHINGS PRIVATE LIMITED,rivierahome.in,CAT A
SUPERTRON ELECTRONICS PRIVATE LIMITED,supertronindia.com,CAT A
DUSTERS TOTAL SOLUTIONS SERVICES PRIVATE LIMITED,dtss.in,CAT A
STT GLOBAL DATA CENTRES INDIA PRIVATE LIMITED,sttelemediagdc.in,CAT A
ZF HERO CHASSIS SYSTEMS PRIVATE LIMITED,zf.com,CAT A
HERO ELECTRONIX PRIVATE LIMITED,heroelectronix.com/,CAT A
VIKRAM SOLAR LIMITED,vikramsolar.com,CAT A
INDEPENDENT NEWS SERVICE PVTLTD,indiatvnews.com,CAT A
GRAZIANO TRASMISSIONI INDIA PRIVATE LIMITED,dana.com,CAT A
NEEL METAL PRODUCTS LIMITED,jbmgroup.com,CAT A
SEQUEL LOGISTICS PRIVATE LIMITED,sequel.co.in,CAT A
C R I PUMPS PRIVATE LIMITED,crigroups.com,CAT A
INDOFIL INDUSTRIES LIMITED,indofilcc.com,CAT A
PRASAD KOCH TECHNIK PRIVATE LIMITED,prasadgroup.com,CAT A
DXC TECHNOLOGY INDIA PRIVATE LIMITED,dxc.com,CAT A
RPG LIFE SCIENCES LIMITED,rpglifesciences.com,CAT A
SECURE METERS LIMITED,securemeters.com,CAT A
SUNTEC BUSINESS SOLUTIONS PRIVATE LIMITED,suntecgroup.com,CAT A
INTERGLOBE HOTELS PRIVATE LIMITED,interglobe.com,CAT A
AGS HEALTH PRIVATE LIMITED,agshealth.com,CAT A
PEGASYSTEMS WORLDWIDE INDIA PRIVATE LIMITED,pegasystems.com,CAT A
MUSIGMA BUSINESS SOLUTIONS PRIVATE LIMITED,mu-sigma.com,CAT A
FLYJAC LOGISTICS PRIVATE LIMITED,flyjaclogistics.com,CAT A
MEDREICH LIMITED,medreich.com,CAT A
LEAR AUTOMOTIVE INDIA PRIVATE LIMITED,lear.com,CAT A
ALLANASONS PRIVATE LIMITED,allanagroup.in,CAT A
HINDUSTAN GUM AND CHEMICALS LIMITED,hindustangum.com,CAT A
INOX AIR PRODUCTS PRIVATE LIMITED,inoxairproducts.com,CAT A
LUBRIZOL INDIA PRIVATE LIMITED,lubrizol.com,CAT A
NECTAR LIFE SCIENCES LIMITED,neclife.com,CAT A
LOTUS DAIRY PRODUCTS PRIVATE LIMITED,lotusdairy.com,CAT A
MCCAIN FOODS INDIA PRIVATE LIMITED,mccainindia.com,CAT A
INTERTEK INDIA PRIVATE LIMITED,intertek.com,CAT A
PERFETTI VAN MELLE INDIA PRIVATE LIMITED,perfettivanmelle.in,CAT A
TCG LIFESCIENCES PRIVATE LIMITED,tcgls.com,CAT A
HIND TERMINALS PRIVATE LIMITED,hindterminals.com,CAT A
PRIMETALS TECHNOLOGIES INDIA PRIVATE LIMITED,primetals.com,CAT A
CJ DARCL LOGISTICS LIMITED,darcl.com,CAT A
EVERBLUE APPAREL LIMITED,raymondindia.com,CAT A
CWT INDIA PRIVATE LIMITED,carlsonwagonlit.com,CAT A
DENSO HARYANA PRIVATE LIMITED,denso.com,CAT A
SABARMATI GAS LIMITED,sabarmatigas.in,CAT A
ENCUBE ETHICALS PRIVATE LIMITED,encubeethicals.com,CAT A
GLOVIS INDIA PRIVATE LIMITED,glovis.co.in,CAT A
AMMANN INDIA PRIVATE LIMITED,ammann.com,CAT A
FAURECIA INDIA PRIVATE LIMITED,faurecia.com,CAT A
MERIL LIFE SCIENCES PRIVATE LIMITED,merillife.com,CAT A
SUDHIR POWER LIMITED,sudhirpower.com,CAT A
HERBALIFE INTERNATIONAL INDIA PRIVATE LIMITED,herbalife.co.in,CAT A
EXPRESS INFRASTRUCTURE PRIVATE LIMITED,expressinfrastructure.com,CAT A
HALDI RAM PRODUCTS PRIVATE LIMITED,haldiramsonline.com,CAT A
INDIANOIL SKYTANKING PRIVATE LIMITED,indianoilskytanking.co.in,CAT A
JOTUN INDIA PRIVATE LIMITED,jotun.com,CAT A
HERE SOLUTIONS INDIA PRIVATE LIMITED,here.com,CAT A
VISTEON TECHNICAL AND SERVICES CENTRE PRIVATE LIMITED,visteon.com,CAT A
SIEMENS HEALTHCARE PRIVATE LIMITED,siemens-healthineers.com/en-in,CAT A
GROZ ENGINEERING TOOLS PRIVATE LIMITED,groz-tools.com,CAT A
GOODRICH AEROSPACE SERVICES PRIVATE LIMITED,collinsaerospace.com,CAT A
ORISSA METALIKS PRIVATE LIMITED,orissametaliks.com,CAT A
AFCONS INFRASTRUCTURE LIMITED,afcons.com,CAT A
ALEMBIC LIMITED,alembicpharmaceuticals.com,CAT A
K L J POLYMERS AND CHEMICALS LIMITED,kljindia.com,CAT A
BLUE CROSS LABORATORIES PRIVATE LIMITED,bluecrosslabs.com,CAT A
PLANETCAST MEDIA SERVICES LIMITED,esselshyam.net,CAT A
DHARAMPAL SATYAPAL LIMITED,dsgroup.com,CAT A
HEUBACH COLOUR PRIVATE LIMITED,heubach-india.com,CAT A
MERCK SPECIALITIES PRIVATE LIMITED,merck.co.in/en/company/merck_specialities_pvt_ltd/merck_specialities_pvt_ltd.html,CAT A
T STANES AND COMPANY LIMITED,tstanes.com,CAT A
VARDHMAN YARNS AND THREADS LIMITED,vardhmanthreads.com,CAT A
INDIAN CLEARING CORPORATION LIMITED,icclindia.com,CAT A
WELSPUN GLOBAL BRANDS LIMITED,welspun.com,CAT A
INDUSTRIAL SOLVENTS AND CHEMICALS PRIVATE LIMITED,iscpl.com,CAT A
NOIDA POWER COMPANY LIMITED,noidapower.com,CAT A
NSEIT LIMITED,nseit.com,CAT A
BRAHMOS AEROSPACE PRIVATE LIMITED,brahmos.com,CAT A
NATWEST DIGITAL SERVICES INDIA PRIVATE LIMITED,e-secudit.com,CAT A
ADDISON & CO. LIMITED,addison.co.in,CAT A
BENNETT COLEMAN AND COMPANY LIMITED,bccl.in,CAT A
COMPUTER SCIENCES CORPORATION INDIA PRIVATE LIMITED,csc.com,CAT A
TABLETS (INDIA) LTD,tabletsindia.com,CAT A
PRAMA HIKVISION INDIA PRIVATE LIMITED,hikvisionindia.co.in,CAT A
LOUIS DREYFUS COMPANY INDIA PRIVATE LIMITED,ldcom.com,CAT A
COMVIVA TECHNOLOGIES LIMITED,mahindracomviva.com,CAT A
MOHAN CLOTHING COMPANY PRIVATE LIMITED,vsnl.com,CAT A
SYNCHRONY INTERNATIONAL SERVICES PRIVATE LIMITED,synchronycareers.com,CAT A
PIPELINE INFRASTRUCTURE LIMITED,pipelineinfra.com,CAT A
GMMCO LTD,gmmco.in,CAT A
APNATIME TECH PRIVATE LIMITED,apna.co,CAT A
ACHINTYA SECURITIES PRIVATE LIMITED,achintya.co.in,CAT A
AVANEETHA TEXTILES PRIVATE LIMITED,avaneetha.com,CAT A
ASSAM POWER GENERATION CORPORATION LIMITED,apgcl.org,CAT A
ASSAM ROOFING LIMITED,assamroof.com,CAT A
ADEPT CHIP SERVICES PRIVATE LIMITED,adeptchips.com,CAT A
AAPT OUTSOURCING SOLUTIONS PRIVATE LIMITED,myndsol.com,CAT A
GETINGE MEDICAL INDIA PRIVATE LIMITED,getinge.com,CAT A
TRANSLLOY INDIA PRIVATE LIMITED,translloy.com,CAT A
D B POWER LIMITED,diliigentpower.com,CAT A
HMD MOBILE INDIA PRIVATE LIMITED,hmdglobal.com,CAT A
ROOP POLYMERS LIMITED,rooppolymers.com,CAT A
ROQUETTE INDIA PRIVATE LIMITED,roquette.com,CAT A
NANDED CITY DEVELOPMENT AND CONSTRUCTION COMPANY LIMITED,nandedcitypune.com,CAT A
PREMIER MILLS PRIVATE LIMITED,premiermills.com,CAT A
BAWA JEWELLERS PRIVATE LIMITED,bawajewels.in,CAT A
RYAN INDIA TAX SERVICES PRIVATE LIMITED,ryan.com,CAT A
FREUDENBERG-NOK PRIVATE LIMITED,india.fst.com,CAT A
SUPER AUTO FORGE PRIVATE LIMITED,superautoforge.net,CAT A
TEXSPIN BEARINGS LTD,texspin.com,CAT A
NSPIRA MANAGEMENT SERVICES PRIVATE LIMITED,nspira.in,CAT A
FMI LIMITED,futabasangyo.com,CAT A
SHAH PAPER MILLS LIMITED,shahpaper.com,CAT A
PRAVESHA INDUSTRIES PRIVATE LIMITED,pravesha.com,CAT A
SAMVARDHANA MOTHERSON INNOVATIVE SOLUTIONS LIMITED,motherson.com,CAT A
LYNKS LOGISTICS LIMITED,lynk.co.in,CAT A
JSW HYDRO ENERGY LIMITED,jsw.in/energy/jsw-hydro-energ,CAT A
ARCESIUM INDIA PRIVATE LIMITED,arcesium.com,CAT A
HORIZON PACKS PRIVATE LIMITED,horizonpacks.com,CAT A
CONFIDENCE PETROLEUM INDIA LIMITED,confidencegroup.co,CAT A
NINA PERCEPT PRIVATE LIMITED,ninaindia.in,CAT A
IENERGIZER IT SERVICES PRIVATE LIMITED,ienergizer.com,CAT A
EIH ASSOCIATED HOTELS LIMITED,eihassociatedhotels.in,CAT A
ANISH INFRACON INDIA PRIVATE LIMITED,anishinfra.co.in,CAT A
LA OPALA R G LIMITED,laopala.in,CAT A
ROCA BATHROOM PRODUCTS PRIVATE LIMITED,roca.in,CAT A
WILO MATHER AND PLATT PUMPS PRIVATE LIMITED,matherplatt.com,CAT A
ATS ELGI LIMITED,ats-elgi.com,CAT A
ANJ TURNKEY PROJECTS PRIVATE LIMITED,anj.co.in,CAT A
DEEPAK PHENOLICS LIMITED,godeepak.com,CAT A
SHREE DIGVIJAY CEMENT CO LIMITED,digvijaycement.com,CAT A
TAQA NEYVELI POWER COMPANY PRIVATE LIMITED,taqaglobal.com,CAT A
SWAL CORPORATION LIMITED,swal.in,CAT A
EUGIA PHARMA SPECIALITIES LIMITED,eugiapharma.com,CAT A
JMS MINING PRIVATE LIMITED,jmsmining.com,CAT A
GERA DEVELOPMENTS PRIVATE LIMITED,gera.in,CAT A
SESHASAYEE PAPER AND BOARDS LIMITED,spbltd.com,CAT A
BOKARO POWER SUPPLY COMPANY PRIVATE LIMITED,bpscl.in,CAT A
NACL INDUSTRIES LIMITED,naclind.com,CAT A
MSL DRIVELINE SYSTEMS LIMITED,mahindrasona.com,CAT A
HIMADRI SPECIALITY CHEMICAL LIMITED,himadri.com,CAT A
JADCHERLA EXPRESSWAYS PRIVATE LIMITED,gmrgroup.in,CAT A
HERCULES HOISTS LIMITED,indef.com,CAT A
HPL ELECTRIC & POWER LIMITED,hplindia.com,CAT A
ICPA HEALTH PRODUCTS LTD,icpahealth.com,CAT A
ARL INFRATECH LIMITED,arlinfratech.com,CAT A
RASHMI CEMENT LIMITED,rashmigroup.com,CAT A
P B M POLYTEX LIMITED,pbmpolytex.com,CAT A
MAITHAN ALLOYS LTD.,maithanalloys.com,CAT A
P G FOILS LIMITED,pgfoils.in,CAT A
SHYAM CENTURY FERROUS LIMITED,shyamcenturyferrous.com,CAT A
VINYL CHEMICALS (INDIA) LIMITED,vinylchemicals.com,CAT A
GUPTA MACHINE TOOLS PRIVATE LIMITED,precision-stampings.com,CAT A
JEKAY INTERNATIONAL TRACK PVT. LTD.,jekay.com,CAT A
WALWHAN RENEWABLE ENERGY LIMITED,welspunrenewables.com,CAT A
ORIENT BEVERAGES LTD,obl.org.in,CAT A
BERGER BECKER COATINGS PRIVATE LIMITED,beckers-group.com,CAT A
JEWEL CONSUMER CARE PRIVATE LIMITED,jewelbrushes.com,CAT A
BALRAMPUR CHINI MILLS LTD,chini.com,CAT A
LOBO STAFFING SOLUTIONS PRIVATE LIMITED,lobostaffing.com,CAT A
MODERN ROAD MAKERS P LTD,irb.co.in,CAT A
INFORMATION TECHNOLOGY PARK LIMITED,ascendas.com,CAT A
S S P PRIVATE LIMITED,sspindia.com,CAT A
UNI-ABEX ALLOY PRODUCTS LIMITED,uniabex.com,CAT A
MUKAND SUMI SPECIAL STEEL LIMITED,mukandsumi.com,CAT A
DEEPAK FERTILISERS AND PETROCHEMICALS CORPORATION LTD,dfpcl.com,CAT A
VATECH INDIA PRIVATE LIMITED,vatechindia.in,CAT A
VA TECH WABAG LIMITED,wabag.com,CAT A
MANGALAM CEMENT LTD,mangalamcement.com,CAT A
JHAJJAR POWER LIMITED.,clpindia.in,CAT A
AATASH NORCONTROL LTD.,aatash.com,CAT A
BHUBANESWARI COAL MINING LIMITED,esselmining.com,CAT A
KIRI INDUSTRIES LIMITED,kiriindustries.com,CAT A
SHIVA PHARMACHEM LIMITED,shivapharmachem.com,CAT A
DISHMAN CARBOGEN AMCIS LIMITED,dishmanGroup.com,CAT A
PIRAMAL PHARMA LIMITED,piramal.com,CAT A
HUHTAMAKI INDIA LIMITED,huhtamaki.com,CAT A
GARWARE FULFLEX INDIA PRIVATE LIMITED,garwarebeil.com,CAT A
DEV PRIYA PAPERS PRIVATE LIMITED,devpriya.in,CAT A
EMPIRE SPICES AND FOODS LIMITED,rambandhu.com,CAT A
GHODAWAT CONSUMER LIMITED,ghodawatconsumer.com,CAT A
PHOENIX CONVEYOR BELT INDIA PRIVATE LIMITED,phoenix-conveyorbelts.com,CAT A
KOBELCO INDUSTRIAL MACHINERY INDIA PRIVATE LIMITED,kobelco.co.jp,CAT A
MEJA URJA NIGAM PRIVATE LIMITED,munpl.co.in,CAT A
MERCURE METALS AND ALLOYS PRIVATE LIMITED,mercuremetals.in,CAT A
MEHTA GOLD PRIVATE LIMITED,mehtagold.com,CAT A
SHRI JAGDAMBA POLYMERS LIMITED,shrijagdamba.com,CAT A
SHRI KHATU SHYAM ALLOYS PRIVATE LIMITED,khatutmt.com,CAT A
SUCCESSIVE TECHNOLOGIES PRIVATE LIMITED,successive.tech,CAT A
MINOSHA INDIA LIMITED,minosha.in,CAT A
DCM NOUVELLE LIMITED,dcmnvl.com,CAT A
SRM TECHNOLOGIES PRIVATE LIMITED,srmtech.com,CAT A
SURYALATA SPINNING MILLS LIMITED,suryalata.com,CAT A
SYNTHITE INDUSTRIES PRIVATE LIMITED,synthite.com,CAT A
TAGROS CHEMICALS INDIA PRIVATE LIMITED,tagros.com,CAT A
TEGA INDUSTRIES LIMITED,tegaindustries.com,CAT A
TERUMO PENPOL PRIVATE LIMITED,terumopenpol.com,CAT A
TLG INDIA PRIVATE LIMITED,publicisgroupe.com,CAT A
WINGIFY SOFTWARE PRIVATE LIMITED,wingify.com,CAT A
ZIMMER INDIA PRIVATE LIMITED,zimmerindia.com,CAT A
KONKAN RAILWAY CORPORATION LIMITED,konkanrailway.com,CAT A
HEADSTRONG SERVICES INDIA PRIVATE LIMITED,headstrong.com,CAT A
MANJUSHREE TECHNOPACK LIMITED,manjushreeindia.com,CAT A
MARWADI SHARES AND FINANCE LIMITED,marwadionline.com,CAT A
MDINDIA HEALTH INSURANCE TPA PRIVATE LIMITED,mdindiaonline.com,CAT A
MEDIATEK INDIA TECHNOLOGY PRIVATE LIMITED,mediatek.com,CAT A
MM FORGINGS LIMITED,mmforgings.com,CAT A
MORNINGSTAR INDIA PRIVATE LIMITED,morningstar.in,CAT A
MUMBAI INTERNATIONAL AIRPORT LIMITED,csia.in,CAT A
NETAPP INDIA PRIVATE LIMITED,netapp.com,CAT A
NUCLEAR POWER CORPORATION OF INDIA LIMITED,npcil.nic.in,CAT A
OPUS SOFTWARE SOLUTIONS PRIVATE LIMITED,opussoft.com,CAT A
PHOTON INTERACTIVE PRIVATE LIMITED,photon.in,CAT A
RICHEMONT INDIA PRIVATE LIMITED,asa.in,CAT A
SAIPEM INDIA PROJECTS PRIVATE LIMITED,saipem.com,CAT A
SATYENDRA PACKAGING LIMITED,satyendragroup.com,CAT A
SAYAJI INDUSTRIES LIMITED,sayajigroup.in,CAT A
ADP PRIVATE LIMITED,adp.in,CAT A
BARD INDIA HEALTHCARE PRIVATE LIMITED,bdportshala.com,CAT A
BOEHRINGER INGELHEIM INDIA PRIVATE LIMITED,boehringer-ingelheim.com,CAT A
CONTINENTAL DEVICE INDIA PRIVATE LIMITED,cdil.com,CAT A
DELHI MSW SOLUTIONS LIMITED,ramkyenviroengineers.com,CAT A
DWARIKESH SUGAR INDUSTRIES LIMITED,dwarikesh.com,CAT A
EDGEVERVE SYSTEMS LIMITED,edgeverve.com,CAT A
FERRING PHARMACEUTICALS PRIVATE LIMITED,ferring.com,CAT A
GOLD PLUS GLASS INDUSTRY LIMITED,goldplusgroup.com,CAT A
GTPL BROADBAND PRIVATE LIMITED,gtpl.net,CAT A
INDIA JAPAN LIGHTING PRIVATE LIMITED,koito.co.jp,CAT A
ORIENTAL AROMATICS LIMITED,orientalaromatics.com,CAT A
PRINCE PIPES AND FITTINGS LIMITED,princepipes.com,CAT A
GUNNEBO INDIA PRIVATE LIMITED,gunnebo.com,CAT A
IVY MOBILITY SOLUTIONS PRIVATE LIMITED,ivymobility.com,CAT A
FLEETGUARD FILTERS PRIVATE LIMITED,fleetguard-filtrum.com,CAT A
MICROLAND LIMITED,microland.com,CAT A
POWER MECH PROJECTS LIMITED,powermechprojects.com,CAT A
HEALTHCARE GLOBAL ENTERPRISES LIMITED,hcgoncology.com,CAT A
DR. OETKER INDIA PRIVATE LIMITED,oetker.in,CAT A
D.B. CORP LIMITED,dbcorpltd.com,CAT A
REDINGTON LIMITED,redingtongroup.com,CAT A
WIPRO PARI PRIVATE LIMITED,wipropari.com,CAT A
NAVA LIMITED,navalimited.com,CAT A
SWITCH MOBILITY AUTOMOTIVE LIMITED,switchmobility.tech/contact,CAT A
TATA INTERNATIONAL VEHICLE APPLICATIONS PRIVATE LIMITED,tildlt.com,CAT A
HEUBACH COLORANTS INDIA LIMITED,heubach.com,CAT A
NESTLE R&D CENTRE INDIA PRIVATE LIMITED,nestle.com,CAT A
ORO PRECIOUS METALS PRIVATE LIMITED,worldoforo.com,CAT A
JAMMU PIGMENTS LIMITED,jammupigments.com,CAT A
JAYA INDUSTRIES PRIVATE LIMITED,jayaindustriesgroup.com,CAT A
INDORAMA INDIA PRIVATE LIMITED,ircagro.com,CAT A
BHARATKUMAR INDRASEN TRADING PRIVATE LIMITED,bharatkumarindrasen.com,CAT A
BOFA SECURITIES INDIA LIMITED,dspml.com,CAT A
NLC TAMIL NADU POWER LIMITED,nlcindia.com,CAT A
FAURECIA EMISSIONS CONTROL TECHNOLOGIES INDIA PRIVATE LIMITED,faurecia.com,CAT A
FORTUNE GOURMET SPECIALITIES PRIVATE LIMITED,fortunegourmet.com,CAT A
OMORI INDIA PRIVATE LIMITED,omori.co.in,CAT A
MSS INDIA PRIVATE LIMITED,mssindia.co.in,CAT A
OLYMPIC DECOR LLP,royalcrownlaminates.com,CAT A
MANPOWERGROUP SERVICES INDIA PRIVATE LIMITED,manpowergroup.co.in,CAT A
KSL HOLDINGS PRIVATE LIMITED,kalyaniglobal.com,CAT A
KUMARAGIRI SPINNERSS PRIVATE LIMITED,kumaragiri.com,CAT A
METSO OUTOTEC INDIA PRIVATE LIMITED,metso.com,CAT A
KBR INFRATECH LIMITED,kbrinfra.com,CAT A
SHRIRAM POLYTECH LIMITED,shriramaxiall.com,CAT A
ASSET RECONSTRUCTION COMPANY (INDIA) LIMITED,arcil.co.in,CAT A
AVADH SUGAR & ENERGY LIMITED,birla-sugar.com,CAT A
B.BRAUN MEDICAL (INDIA) PRIVATE LIMITED,bbraun.co.in,CAT A
COFCO INTERNATIONAL INDIA PRIVATE LIMITED,noblecoffee.com,CAT A
COFORGE LIMITED,niit-tech.com,CAT A
NTT INDIA PRIVATE LIMITED,dimensiondata.com,CAT A
P. N. GADGIL & SONS LIMITED,pngadgilandsons.com,CAT A
SIKKA PORTS & TERMINALS LIMITED,sptl.co.in,CAT A
FIRST AMERICAN (INDIA) PRIVATE LIMITED,firstam.com,CAT A
KRIBHCO FERTILIZERS LIMITED,kfl.net.in,CAT A
MARELLI MOTHERSON AUTO SUSPENSION PARTS PRIVATE LIMITED,motherson.com,CAT A
MERCER CONSULTING (INDIA) PRIVATE LIMITED,mercer.com,CAT A
WESTERN M P INFRASTRUCTURE & TOLL ROADS PRIVATE LIMITED,ew.esselgroup.com,CAT A
C&S ELECTRIC LIMITED,cselectric.co.in,CAT A
EXPLEO SOLUTIONS LIMITED,expleogroup.com,CAT A
SIS LIMITED,sisindia.com,CAT A
SHREE GANESH METALIKS LIMITED,shreeganeshmetaliks.com,CAT A
SUDHAKAR PVC PRODUCTS PRIVATE LIMITED,sudhakarpipes.com,CAT A
SIM DIAM PRIVATE LIMITED,simdiam.com,CAT A
SHAKTI POLYWEAVE PRIVATE LIMITED,shaktipolyweave.com,CAT A
RAJASTHAN GUM PRIVATE LIMITED,rajasthangum.com,CAT A
RITHWIK PROJECTS PRIVATE LIMITED,rithwikprojects.com,CAT A
SWARNA TOLLWAY PRIVATE LIMITED,swarnatoll.com,CAT A
SUNALCO ALLOYS PRIVATE LIMITED,sunalcoalloys.com,CAT A
SHIV EDIBLES LIMITED,shivgroupindustries.com,CAT A
SUPREME AGROFOODS PRIVATE LIMITED,supremeagro.com,CAT A
SMW ISPAT PRIVATE LIMITED,mahalaxmisteel.com,CAT A
SHYAM STEEL MANUFACTURING LIMITED,shyamsteel.com,CAT A
SIDHARTH PAPERS PRIVATE LIMITED,sidharthpapers.com,CAT A
RMG POLYVINYL INDIA LIMITED,rmgpoly.com,CAT A
SAMYAK METALS PRIVATE LIMITED,samyakmetals.com,CAT A
SWAYAM SHIPPING SERVICES PRIVATE LIMITED,swayamshipping.com,CAT A
VISHWA SAMUDRA ENGINEERING PRIVATE LIMITED,necltd.com,CAT A
VIPPY INDUSTRIES LIMITED,vippysoya.com,CAT A
TAMILNADU FISHERIES DEVELOPMENT CORPORATION LIMITED,tnfdcltd.co.in,CAT A
TANNA AGRO IMPEX PRIVATE LIMITED,tannaagro.com,CAT A
TMEIC INDUSTRIAL SYSTEMS INDIA PRIVATE LIMITED,tmeic.in,CAT A
TML BUSINESS SERVICES LIMITED,tmlbsl.com/contact-us,CAT A
VEDANTU INNOVATIONS PRIVATE LIMITED,vedantu.com,CAT A
SAVAN RETAILERS PRIVATE LIMITED,savanretailers.in,CAT A
R H L PROFILES LIMITED,rhlprofiles.com,CAT A
RCCPL PRIVATE LIMITED,birlacorporation.com,CAT A
RWS MORAVIA INDIA PRIVATE LIMITED,rws.com,CAT A
WALKAROO INTERNATIONAL PRIVATE LIMITED,walkaroo.in,CAT A
WEST BENGALSTATE ELECTRICITY TRANSMISSION COMPANY LIMITED,wbsetcl.in,CAT A
WESTERN INDIA CASHEW COMPANY PRIVATE LIMITED,wenders.com,CAT A
TEVA PHARMACEUTICAL AND CHEMICAL INDUSTRIES INDIA PRIVATE LIMITED,tapi.com,CAT A
THE INDIA THERMIT CORPORATION LIMITED,indiathermit.com,CAT A
TUBACEX TUBES AND PIPES PRIVATE LIMITED,tubacex.com,CAT A
VEER PLASTICS PRIVATE LIMITED,veerplastics.com,CAT A
SAHYADRI STARCH AND INDUSTRIES PRIVATE LIMITED,sahyadristarch.com,CAT A
ROYAL CASTOR PRODUCTS LIMITED,royalcastor.in,CAT A
VINEET POLYFAB PRIVATE LIMITED,vineetpolyfab.com,CAT A
VISA MINMETAL LIMITED,visagroup.com,CAT A
VISHNU PRAKASH R PUNGLIA LIMITED,vprp.co.in,CAT A
TRINEVA INFRA PROJECTS PRIVATE LIMITED,trineva.in,CAT A
VISION SPONGE IRON PRIVATE LIMITED,visionsponge.com,CAT A
VISNUKUMAR TRADERS PRIVATE LIMITED,vktpl.com,CAT A
RAMESWAR UDYOG PRIVATE LIMITED,rameswar.com,CAT A
ZF COMMERCIAL VEHICLE CONTROL SYSTEMS INDIA LIMITED,wabco-auto.com,CAT A
ZF RANE AUTOMOTIVE INDIA PRIVATE LIMITED,ranegroup.co.in,CAT A
RIMJHIM ISPAT LIMITED,rimjhimispat.com,CAT A
TIGER ANALYTICS INDIA CONSULTING PRIVATE LIMITED,tigeranalytics.com,CAT A
ZERODHA BROKING LIMITED,zerodha.com,CAT A
RAGHUVIR EXIM LIMITED,raghuvirexim.com,CAT A
RHI MAGNESITA INDIA LIMITED,rhimagnesitaindia.com,CAT A
INTEGRA ENGINEERING INDIA LIMITED,integraengineering.in,CAT A
IPG ASIA PRIVATE LIMITED,powerband.in/www.itape.com,CAT A
IDL EXPLOSIVES LIMITED,idlexplosives.com,CAT A
INVENIRE PETRODYNE LIMITED,invenireenergy.com,CAT A
AMAPAI CORPORATION INDIA PRIVATE LIMITED,amagasaki-pipe.co.th,CAT A
COPMED PHARMACEUTICALS PRIVATE LIMITED,copmedpharma.com,CAT A
CORTEVA AGRISCIENCE INDIA PRIVATE LIMITED,corteva.com,CAT A
COMPASS INDIA FOOD SERVICES PRIVATE LIMITED,compass-group.co.in,CAT A
CLAD METAL INDIA PRIVATE LIMITED,kalegroup.co.in,CAT A
CSCI STEEL CORPORATION INDIA PRIVATE LIMITED,csci.co.in,CAT A
BRAHMAPUTRA CRACKER AND POLYMER LIMITED,bcplonline.co.in,CAT A
CAVENDISH INDUSTRIES LIMITED,jktyre.com,CAT A
CBA SERVICES PRIVATE LIMITED,cba.com.au,CAT A
KALPSUTRA CHEMICALS PRIVATE LIMITED,kalpsutra.com,CAT A
CREST SPECIALITY RESINS PRIVATE LIMITED,crestcomposites.com,CAT A
DEVASHREE ISPAT PRIVATE LIMITED,shreetmt.com,CAT A
EXOTECH PLASTICS PRIVATE LIMITED,exotechzanini.com,CAT A
EXPERION CAPITAL PRIVATE LIMITED,experioncapital.co.in,CAT A
JIVAGRO LIMITED,jivagro.com,CAT A
GUJARAT STATE PETRONET LIMITED,gspcgroup.com,CAT A
GUJJADI SWARNA JEWELLERS PRIVATE LIMITED,gujjadi.com,CAT A
STAR CEMENT MEGHALAYA LIMITED,cmcl.co.in,CAT A
MARELLI MOTHERSON AUTOMOTIVE LIGHTING INDIA PRIVATE LIMITED,motherson.com,CAT A
MARELLI POWERTRAIN INDIA PRIVATE LIMITED,magnetimarelli.com,CAT A
EPL LIMITED,eplglobal.com,CAT A
K I C METALIKS LIMITED,kicmetaliks.com,CAT A
L H SUGAR FACTORIES LIMITED,lhsugar.in,CAT A
MODENIK LIFESTYLE PRIVATE LIMITED,dixcy.co.in,CAT A
NTPC TAMIL NADU ENERGY COMPANY LIMITED,ntpcntecljv.co.in,CAT A
OC SPECIALITIES PRIVATE LIMITED,ocspl.com,CAT A
O2 POWER PRIVATE LIMITED,o2power.in,CAT A
MANAKSIA STEELS LIMITED,manaksiasteels.com,CAT A
MAHIMA FIBRES PRIVATE LIMITED,mahimacotton.com,CAT A
KRISHNA COIL CUTTERS PRIVATE LIMITED,krishnacoilcutters.com,CAT A
KARAM SAFETY PRIVATE LIMITED,karami.in,CAT A
KRITI NUTRIENTS LIMITED,kritinutrients.com,CAT A
MADHAV STELCO PRIVATE LIMITED,madhavstelco.com,CAT A
POWERGRID WARORA TRANSMISSION LIMITED,powergridindia.com,CAT A
ASHOKA KARADI BANWARA ROAD PRIVATE LIMITED,ashokakaradi.com,CAT A
AUSOM ENTERPRISE LIMITED,ausom.in,CAT A
BRILLON CONSUMER PRODUCTS PRIVATE LIMITED,scjohnson.com,CAT A
AL AMMAR FROZEN FOODS EXPORTS PRIVATE LIMITED,al-ammar.in,CAT A
AGARWAL FUEL CORPORATION PRIVATE LIMITED,agarwalcoal.com,CAT A
AGARWAL INDUSTRIAL CORPORATION LIMITED,aicltd.in,CAT A
BERRY ALLOYS LIMITED,berryalloys.in,CAT A
GOYAL VEGOILS LIMITED,goyalglobal.com,CAT A
GRANT THORNTON BHARAT LLP,grantthornton.in,CAT A
GND ISPAT PRIVATE LIMITED,kediasteels.com,CAT A
PREMIER TOBACCO PACKERS PRIVATE LIMITED,bbmbommidala.com,CAT A
GOLDIAM JEWELLERY LIMITED,goldiam.com,CAT A
HANSA METALLICS LIMITED,hansametallics.com,CAT A
HAZIRA PORT PRIVATE LIMITED,haziralng.com,CAT A
ENTRATA INDIA PRIVATE LIMITED,entrata.in,CAT A
NEZONE STRIPS LIMITED,nezonegroup.com,CAT A
ORCH LABORATORIES INDIA PRIVATE LIMITED,orchlabs.com,CAT A
OSTRO KUTCH WIND PRIVATE LIMITED,renewpower.in,CAT A
RIJ ENGINEERING PRIVATE LIMITED,rjjeng.in,CAT A
MYSORE SALES INTERNATIONAL LIMITED,msilonline.com,CAT A
PRABHAT GLOBAL COLOURCOATED PRIVATE LIMITED,prabhatglobal.com,CAT A
NANI AGROFOODS PRIVATE LIMITED,naf.in,CAT A
NAKODA DAIRY PRIVATE LIMITED,nakodadairy.com,CAT A
PATAKA INDUSTRIES PRIVATE LIMITED,eastendsilksindia.com,CAT A
KALYANI TRANSMISSION TECHNOLOGIES PRIVATE LIMITED,kalyanitransmissiontechnology.com,CAT A
DAYAL FERTILIZERS PRIVATE LIMITED,dayalgroup.com,CAT A
DAINICHI COLOR INDIA PRIVATE LIMITED,daicolor.co.jp,CAT A
INDIANOIL TOTAL PRIVATE LIMITED,itpl.net,CAT A
GEBBS HEALTHCARE SOLUTIONS PRIVATE LIMITED,gebbs.com,CAT A
MYLAN PHARMACEUTICALS PRIVATE LIMITED,mylan.com,CAT A
MONDELEZ INDIA FOODS PRIVATE LIMITED,mondelezinternational.com,SUPER A
PAHARPUR COOLING TOWERS LTD,paharpur.com,SUPER A
POWERICA LIMITED,powericaltd.com,SUPER A
ROCKMAN INDUSTRIES LIMITED,rockman.in,SUPER A
AMBA RIVER COKE LIMITED,jsw.in,SUPER A
HUBERGROUP INDIA PRIVATE LIMITED,hubergroup.in,SUPER A