user_id,customer_id,user_status,current_activity_stage,current_activity_stage_description
0e36bc91-4a60-46b7-8650-ddfff5509cb4,PFIN39207B7C28BCF2EE,USER_DISQUALIFIED,user_disqualified,500
0c4e029e-9c5a-496c-9421-876c14e7ea35,PFIN4747A64E88AA0814,USER_DISQUALIFIED,user_disqualified,500
8c92a892-8560-41aa-8672-27124260053e,PFIN36163B4E8BB4B485,USER_DISQUALIFIED,user_disqualified,500
8feb986f-2693-484d-964c-b976293b20f0,PFIN26568FE1A1E2B07D,USER_DISQUALIFIED,user_disqualified,500
99e6f1e7-02e1-424b-85e5-473f927f8999,PFIN4626C0085C7C31B4,USER_DISQUALIFIED,user_disqualified,500
529f8a1e-17ff-4a3c-a5ff-01e8eac6433e,PFIN274737C7000FB4D6,USER_DISQUALIFIED,user_disqualified,500
883fb8b9-cca8-412a-bafd-5d568a8faed0,PFIN0030C21552FE2834,USER_DISQUALIFIED,user_disqualified,500
fcbaea75-7abb-4599-9386-1ae961d5b970,PFIN1947E376DA160033,USER_DISQUALIFIED,user_disqualified,500
982325fe-3cf7-449f-b50a-2f65b887a81c,PFIN2215E0BC465FB9ED,USER_DISQUALIFIED,user_disqualified,500
ebe1c536-6bf8-461d-84b6-6c0295a95441,PFIN2018FDC094FBBEC0,USER_DISQUALIFIED,user_disqualified,500
af9fd564-e647-4167-b370-8b0efb0cf779,PFIN21402070689C83E0,USER_DISQUALIFIED,user_disqualified,500
e263936b-6c8a-43fe-ac27-b7ee61c3ab62,PFIN1908C4BD21E0548D,USER_DISQUALIFIED,user_disqualified,500
95cdac93-dc66-4e32-a70d-a9595ec045bc,PFIN10175DB2630CA32D,USER_DISQUALIFIED,user_disqualified,500
4b9d8124-f399-4815-8310-e34043ac10ad,PFIN1703B0B6F24B61EA,USER_DISQUALIFIED,user_disqualified,500
964a04b3-39e9-4d93-8dc5-a8095307a9c9,PFIN1838F4FDA4E4D60E,USER_DISQUALIFIED,user_disqualified,500
3a8f95e8-a416-4d42-9c2c-f5830f112fb3,PFIN05207C198349F3D5,USER_DISQUALIFIED,user_disqualified,500
c39045a6-4509-458a-8ffd-f50965c9273a,PFIN11100C8F7226212B,USER_DISQUALIFIED,user_disqualified,500
360e1e4a-7284-41c5-99c8-52a360c60a55,PFIN0258D4683A89A582,USER_DISQUALIFIED,user_disqualified,500
d3bc0d55-319a-44d7-8b56-25ba2a5412ad,PFIN3506644E3DE23130,USER_DISQUALIFIED,user_disqualified,500
bff0ff64-e496-4d4a-bb3f-77334c64d72f,PFIN00194C994F7E8A29,USER_DISQUALIFIED,user_disqualified,500
c937fa4d-44fe-412e-b5ce-a69bcdf3ed1e,PFIN44596750A1E024F8,USER_DISQUALIFIED,user_disqualified,500
25959913-6e98-494c-ae6f-14c94b78499c,PFIN0333F9BB7ED23779,USER_DISQUALIFIED,user_disqualified,500
143cccdb-2e35-4783-8edd-41b62b028ffe,PFIN37092929C23A53A4,USER_DISQUALIFIED,user_disqualified,500
506cd815-9bae-40d1-ad00-468b71bdec23,PFIN01490981967FD6ED,USER_DISQUALIFIED,user_disqualified,500
8d87ef9a-0ad6-4bef-8e63-cbecf27dace2,PFIN5156D189D98AF3DF,USER_DISQUALIFIED,user_disqualified,500
e2cde7fb-78a4-4153-bb29-58dd0d7dc65e,PFIN5320FAAE8444E902,USER_DISQUALIFIED,user_disqualified,500
30a58162-f6db-40b9-bbca-cbcde275478d,PFIN531524844D3D7A55,USER_DISQUALIFIED,user_disqualified,500
f97153a7-1683-4cfa-9df3-c4ccb3bedf75,PFIN5119E3F92B50CA1A,USER_DISQUALIFIED,user_disqualified,500
d7ede60f-7d81-41bb-a023-573289c8fa02,PFIN492565275627AE7E,USER_DISQUALIFIED,user_disqualified,500
28737912-3b74-4f37-bc00-5a5ff0ffbaef,PFIN4800310B31B22DDA,USER_DISQUALIFIED,user_disqualified,500
ba620244-8211-4906-ab55-b206c1cd8b3a,PFIN1350FDBD6D2BCE46,USER_DISQUALIFIED,user_disqualified,500
f20ce2fc-9237-4c30-9f5d-6484f2d8ab23,PFIN47546ADE3C540FB8,USER_DISQUALIFIED,user_disqualified,500
c1c8d97a-9888-4b47-b06c-3d01bcdcb087,PFIN0232C783622E4E15,USER_DISQUALIFIED,user_disqualified,500
d1c8010e-b00c-4312-9c72-93804f750d3c,PFIN4850E6E6D7F600E2,USER_DISQUALIFIED,user_disqualified,500
a9a5c978-2d56-4811-ad1d-13de9b87131a,PFIN4547180378C9CE07,USER_DISQUALIFIED,user_disqualified,500
341042f9-8a6d-4427-b4d5-da800fe6f87c,PFIN535814FF1D16B675,USER_DISQUALIFIED,user_disqualified,500
d20f2da3-3fda-47b7-bce0-8a91819723f9,PFIN47545A6BC46B01F8,USER_DISQUALIFIED,user_disqualified,500
7b2cd323-8285-4415-b6d7-389222d4d241,PFIN5050E31E5AA2E43E,USER_DISQUALIFIED,user_disqualified,500
7fd4e789-9b3e-4e47-99d5-a89dbc947844,PFIN5315F133F8089107,USER_DISQUALIFIED,user_disqualified,500
eb74f788-e84b-41ef-a00c-f94f158c4932,PFIN4807DCDDDCB85739,USER_DISQUALIFIED,user_disqualified,500
f4fd9a9e-c8e2-4902-8e26-2af37bef9eed,PFIN031552EA40140042,USER_DISQUALIFIED,user_disqualified,500
508904a8-6ca8-4c67-ab42-ee3b281321a5,PFIN215162F2C5221A0D,USER_DISQUALIFIED,user_disqualified,500
a3a78b1d-0faa-45b2-8b25-1fc0eb1d1f7c,PFIN45140579BD067022,USER_DISQUALIFIED,user_disqualified,500
ee4186f7-56cb-47b6-921e-ba5957afe7d2,PFIN5708E99951F2B1D6,USER_DISQUALIFIED,user_disqualified,500
c614105f-6136-4677-aa08-d2f43a238882,PFIN451234FF596A8731,USER_DISQUALIFIED,user_disqualified,500
a45a4ea9-3a3c-47ef-a3ec-b85fa9c3b310,PFIN42480F10D72792B6,USER_DISQUALIFIED,user_disqualified,500
37cf3347-dea3-45f0-b2e1-450050d018ca,PFIN1228ACEFF2ED1BC7,USER_DISQUALIFIED,user_disqualified,500
fb2d870b-938c-4a65-b2f7-c7f2553120f1,PFIN4306C1B05BAE5FDA,USER_DISQUALIFIED,user_disqualified,500
8327817a-efdc-4520-a41b-9f47b66ee7f2,PFIN33134E0C8A2A680F,USER_DISQUALIFIED,user_disqualified,500
b803f1a6-db4b-4920-a855-2b6c03bd3b9c,PFIN3857BD5373C1B3FF,USER_DISQUALIFIED,user_disqualified,500
0fd05087-1c9a-414c-8fff-8ae49dc49a62,PFIN4527F1CB5D93E201,USER_DISQUALIFIED,user_disqualified,500
437f9c39-8bea-4490-914d-67279b557061,PFIN520019BEAB66C28C,USER_DISQUALIFIED,user_disqualified,500
1efb8441-2481-43eb-9017-312dbd7d2e71,PFIN51478770CF700A3D,USER_DISQUALIFIED,user_disqualified,500
73ae9153-7cbb-4533-bdfb-da5e26edcfc5,PFIN39161FC364AF0DC4,USER_DISQUALIFIED,user_disqualified,500
74dfd30b-59b6-4146-aa87-58327de8c972,PFIN39034AF7E544EAA0,USER_DISQUALIFIED,user_disqualified,500
08963fa9-f3e4-47b2-b20b-c2e34bbda931,PFIN373354ED075AFCA9,USER_DISQUALIFIED,user_disqualified,500
718d44b5-1e20-4fb0-b842-ae8a5e837698,PFIN29072422E0D2A39D,USER_DISQUALIFIED,user_disqualified,500
f2489baa-27e3-4641-8ae4-c0173810517f,PFIN2924A3C6E6382BC1,USER_DISQUALIFIED,user_disqualified,500
99c20017-d251-47a4-9e5b-a7424735a45d,PFIN2913F3902379F55C,USER_DISQUALIFIED,user_disqualified,500
298740fe-19f0-4e0c-bd8c-416715f2620b,PFIN24435B4A9FE985DB,USER_DISQUALIFIED,user_disqualified,500
b6257bad-70be-42a0-85c6-a6f86fd1140a,PFIN170416781760BE05,USER_DISQUALIFIED,user_disqualified,500
977f6caa-f21a-4ed1-9831-32499a80a651,PFIN1544FEBCD508D56E,USER_DISQUALIFIED,user_disqualified,500
a0d60187-361a-4275-901b-d3740397d0b0,PFIN092134F0ECCA4E7C,USER_DISQUALIFIED,user_disqualified,500
40b0c1e5-667e-4c71-8285-40160fef44fb,PFIN0021B22AF69D649B,USER_DISQUALIFIED,user_disqualified,500
8c900e2e-9be4-4d3c-b8ca-fb4d0522b61a,PFIN0251258AB104591F,USER_DISQUALIFIED,user_disqualified,500
851d0760-f2d9-4704-989b-0316bb0c42fb,PFIN054178C85E02C90C,USER_DISQUALIFIED,user_disqualified,500
6464cafb-c5f1-423b-8911-8bb084284bae,PFIN03329A3DBE3A21D2,USER_DISQUALIFIED,user_disqualified,500
c634b87e-13f8-47ec-a793-b5bbcf66a0d9,PFIN3422064B12A40212,USER_DISQUALIFIED,user_disqualified,500
af927ae0-8e36-4a35-875e-749b422076c0,PFIN1219E6E8ADFC2ECC,USER_DISQUALIFIED,user_disqualified,500
6e2cec41-92cb-43dd-ba8e-4e39e9b84235,PFIN380091B214F2C93A,USER_DISQUALIFIED,user_disqualified,500
ca5c0aed-e1e4-4c2a-8419-ac1ac197e9b5,PFIN283696B14626884D,USER_DISQUALIFIED,user_disqualified,500
93898fb0-8cf3-41ed-9360-b48c227184fa,PFIN24186548F66DD8EF,USER_DISQUALIFIED,user_disqualified,500
44655e6a-9898-4cc9-8599-f9daab562385,PFIN28438C8EEBAC478E,USER_DISQUALIFIED,user_disqualified,500
2e3e7bf0-2e73-4ec0-ba9e-7429d7e861f3,PFIN27123E57C9618E7C,USER_DISQUALIFIED,user_disqualified,500
5662ba52-5022-4aa2-9f1b-a00107fec8b0,PFIN12250240ED1A8714,USER_DISQUALIFIED,user_disqualified,500
afe03cc3-8573-4cc1-929a-ad68c74ce062,PFIN38325A99E134367C,USER_DISQUALIFIED,user_disqualified,500
fb261db8-4ae1-46d1-afa0-79095de45f72,PFIN211206C61502E387,USER_DISQUALIFIED,user_disqualified,500
d5383534-c272-458e-be9b-c6732b236b2e,PFIN161228EDB7F3B684,USER_DISQUALIFIED,user_disqualified,500
c937ca5a-775e-4f35-adb7-ca15007befbd,PFIN11094F5A43E8F39E,USER_DISQUALIFIED,user_disqualified,500
d52456ab-4500-4764-a396-06da629e484d,PFIN1034E3348C0C4A24,USER_DISQUALIFIED,user_disqualified,500
69453585-ea61-419d-bbff-ab876138ff66,PFIN5910B40BD145DB20,USER_DISQUALIFIED,user_disqualified,500
af5b57e3-43e0-40d2-97e4-b3a51314db9e,PFIN00385BE019EF2FFD,USER_DISQUALIFIED,user_disqualified,500
893c7497-15f8-4a45-a2b5-585229142819,PFIN44229EC8A3318DC6,USER_DISQUALIFIED,user_disqualified,500
77cf2ea6-a024-4c17-98bb-3985813f7229,PFIN5759BB0ACB564136,USER_DISQUALIFIED,user_disqualified,500
7a3e71ae-3062-4a54-bd3c-b693d0a2c198,PFIN1824AB7E0FFC1645,USER_DISQUALIFIED,user_disqualified,500
fd2ccf4d-2012-4d03-a935-6f8152fd55c4,PFIN16258FF6E2F28801,USER_DISQUALIFIED,user_disqualified,500
69c5d263-98af-4b2e-935c-45f3ebd439f2,PFIN42597720DD804EB0,USER_DISQUALIFIED,user_disqualified,500
7e8e20c6-4690-440b-beee-0a6550ff3a21,PFIN332862C48AFAA12A,USER_DISQUALIFIED,user_disqualified,500
efffb030-923e-4a33-a272-d55d828f67e4,PFIN392270A07189C875,USER_DISQUALIFIED,user_disqualified,500
eefd3d69-d374-4fa1-9fdb-2e1b35a004a4,PFIN0017C4B340FB0FAA,USER_DISQUALIFIED,user_disqualified,500
cad64b86-eca7-4cc3-a740-93a1693d6b03,PFIN425905182DD34C6A,USER_DISQUALIFIED,user_disqualified,500
f4db2a92-ed1d-4853-809e-6221cdc50fb2,PFIN19535954AEDCEF99,USER_DISQUALIFIED,user_disqualified,500
8592e17e-0646-4467-8eba-6b6ff0f7ed4f,PFIN1907EBEE89B117E1,USER_DISQUALIFIED,user_disqualified,500
9291a619-cf46-485f-a599-5b8872f2f7bb,PFIN27127D1E9AA65E5A,USER_DISQUALIFIED,user_disqualified,500
9c17ec6d-2a15-4616-b4a4-5be79355d0ba,PFIN1835D98662FF52F6,USER_DISQUALIFIED,user_disqualified,500
5efe659b-49af-461f-9d0d-993a96b622ea,PFIN11260EA7CCC1C392,USER_DISQUALIFIED,user_disqualified,500
fddfc0bd-cb37-47b4-8ac2-b8ba3f03e574,PFIN2022ADBFD93B8E83,USER_DISQUALIFIED,user_disqualified,500
7e4fbc9c-e2f9-4432-a517-34534a6f31bb,PFIN1344D7E133ECF6C8,USER_DISQUALIFIED,user_disqualified,500
ad2bbc35-31c1-4459-a2b7-d8f827f54062,PFIN12533A919B866621,USER_DISQUALIFIED,user_disqualified,500
f017310f-f46d-479c-9ce4-cd52ddc80238,PFIN33153B1871997FFB,USER_DISQUALIFIED,user_disqualified,500
ace856e4-300e-468e-93cf-2937edf00fd5,PFIN30430D30F72EA375,USER_DISQUALIFIED,user_disqualified,500
cdd70667-8031-4fd8-a3e8-bfbbc2e4d717,PFIN27022D1CE2288D4E,USER_DISQUALIFIED,user_disqualified,500
a73849fa-1ad4-4d14-af8e-5214a9856f11,PFIN2806DAF23670D808,USER_DISQUALIFIED,user_disqualified,500
7d31d723-6aee-4e14-92e4-0e70ec66ab29,PFIN0307EEBC07473077,USER_DISQUALIFIED,user_disqualified,500
b08c4d42-f073-4d1d-a58d-ddf550bcdbe6,PFIN535404AC08C73B51,USER_DISQUALIFIED,user_disqualified,500
940968cc-befd-45ae-a977-5386eb18186d,PFIN01571407197E968D,USER_DISQUALIFIED,user_disqualified,500
848c2fda-1a9a-4808-a6c2-7c6746abab7c,PFIN52265FB1A3833321,USER_DISQUALIFIED,user_disqualified,500
586d545d-67e5-4422-95a4-e262ca313a59,PFIN374443C6622D13E6,USER_DISQUALIFIED,user_disqualified,500
822c56f2-3d35-4bd3-86d7-a76490dd3407,PFIN2721B09886E0DAA9,USER_DISQUALIFIED,user_disqualified,500
cc51c225-b9bf-47ea-8eaf-e73ab0f5aa53,PFIN011925363BACC3A5,USER_DISQUALIFIED,user_disqualified,500
d0b21bb5-a3ba-44e9-bafb-e12ecca15019,PFIN0727A991EA3D5905,USER_DISQUALIFIED,user_disqualified,500
77ea9880-1d64-4ff4-908c-fb85d6d15c24,PFIN02392386738A4134,USER_DISQUALIFIED,user_disqualified,500
c7112637-713c-43ca-be34-bc628e1d5914,PFIN012439355F1FD261,USER_DISQUALIFIED,user_disqualified,500
ccb6c141-147e-4f9c-aa32-76e552878ccb,PFIN45187998A5F24752,USER_DISQUALIFIED,user_disqualified,500
ff022f02-b5e2-423f-99b2-d7f3b1330e26,PFIN5854E0E9EFF3C110,USER_DISQUALIFIED,user_disqualified,500
e1d32056-e43d-4a22-b09b-c8c24a41f99c,PFIN5706A6DD14C441D7,USER_DISQUALIFIED,user_disqualified,500
fce851fc-6294-4c24-af5f-f83d5c126b28,PFIN5943EBBE448972C9,USER_DISQUALIFIED,user_disqualified,500
7670e78a-4d51-4c42-9c40-1769c9ca4014,PFIN5633AB20A1387C0F,USER_DISQUALIFIED,user_disqualified,500
8077c2e7-906c-4235-bad7-f277b3d3065c,PFIN301154E6123E74C7,USER_DISQUALIFIED,user_disqualified,500
a3ecb0d2-584c-476f-8540-e4e424455401,PFIN5828A360391C32D0,USER_DISQUALIFIED,user_disqualified,500
d5e2711d-f35c-4121-a147-0bcf65994249,PFIN442352DA8FA6280C,USER_DISQUALIFIED,user_disqualified,500
c3e61133-ea68-461c-8880-bcc1992c6a04,PFIN5729BBC360D07C9E,USER_DISQUALIFIED,user_disqualified,500
8affaeb5-65f5-4529-8732-88b85d46640e,PFIN0055EE25F25BA6BC,USER_DISQUALIFIED,user_disqualified,500
afc1ffed-900c-4c8f-8f7a-53fd9aa64819,PFIN56427412D07FDBC2,USER_DISQUALIFIED,user_disqualified,500
f3c59718-b315-40d3-ae84-ef0e044b38ab,PFIN5137309399151629,USER_DISQUALIFIED,user_disqualified,500
8be108b1-f59d-456c-aaa9-ccdd45795d12,PFIN0023B59A6E5FE341,USER_DISQUALIFIED,user_disqualified,500
8a3c50b6-693f-4c8e-b5f6-7f333c7fbe97,PFIN000196713C93C8BA,USER_DISQUALIFIED,user_disqualified,500
e08d252a-a28d-4f56-9960-de328023b90a,PFIN570140C3EF3170DB,USER_DISQUALIFIED,user_disqualified,500
d6cbc282-903a-4883-b4f4-f300cdc3945b,PFIN3945286069B05B59,USER_DISQUALIFIED,user_disqualified,500
fbcd38a0-b7b8-4994-8038-196071ef79c9,PFIN0508D81F2FA15B3D,USER_DISQUALIFIED,user_disqualified,500
bef47fe2-b1da-4322-acc1-dd7846515a8c,PFIN2037470187B32ED4,USER_DISQUALIFIED,user_disqualified,500
fe36f404-950e-4033-a420-aff2fc916c7f,PFIN54091B939B5B873E,USER_DISQUALIFIED,user_disqualified,500
eb257af0-d1d6-45b0-8354-770111784ea6,PFIN303610658D79D0DB,USER_DISQUALIFIED,user_disqualified,500
9036db93-ebaf-4031-9d41-230d6d7d9b39,PFIN2146811024F68830,USER_DISQUALIFIED,user_disqualified,500
588f43f9-4559-4fa9-a2f9-6a18caa64908,PFIN12215050D89CBB76,USER_DISQUALIFIED,user_disqualified,500
714cb3dd-65e6-4e66-8030-ea151cf21164,PFIN57559E0A9C851943,USER_DISQUALIFIED,user_disqualified,500
df93fc8a-d16c-4518-81fe-c5b6e8f164a9,PFIN0634A2587F353A4B,USER_DISQUALIFIED,user_disqualified,500
ee8641fc-7e20-482d-8e97-c99262c4738b,PFIN47135C59FD8BE383,USER_DISQUALIFIED,user_disqualified,500
97ddf2ae-c3d6-4ce2-9616-6b3247741e47,PFIN0559787BD546BB95,USER_DISQUALIFIED,user_disqualified,500
69c87f4f-5c17-4b58-b7f4-8fbb1dad9c09,PFIN22050CCE579F83D2,USER_DISQUALIFIED,user_disqualified,500
861a0ecc-aac0-4225-bfb4-7067983e9f7b,PFIN01171A0DF8D46782,USER_DISQUALIFIED,user_disqualified,500
dfd51f1c-ace4-4582-9f7a-5b338ce3884d,PFIN06519137AB8B901A,USER_DISQUALIFIED,user_disqualified,500
7c100ff0-901b-445c-957d-eecbac4bdbe7,PFIN5159F50650D2EBC6,USER_DISQUALIFIED,user_disqualified,500
c557bac6-70f6-4418-82b9-f4188ebc2f90,PFIN1334907F7AFABC53,USER_DISQUALIFIED,user_disqualified,500
b2f638d4-9215-4363-83fd-fdc3cf3f9481,PFIN06200D9B0AE7AA79,USER_DISQUALIFIED,user_disqualified,500
a2dca933-ef27-4bbb-aa8b-9da5bf32b97a,PFIN15096366CF0E6627,USER_DISQUALIFIED,user_disqualified,500
eabd831b-6465-498f-b37a-5770fb472eaf,PFIN1450A11918B25281,USER_DISQUALIFIED,user_disqualified,500
c331a981-9c2b-4365-b14a-4a22c5be3e29,PFIN114609EA44B211C8,USER_DISQUALIFIED,user_disqualified,500
8a6c9581-12e9-400a-915b-06deef75441c,PFIN46418B2EC4AD394B,USER_DISQUALIFIED,user_disqualified,500
b3fba899-b91e-4011-abdc-ea225e594e86,PFIN140330142DCED486,USER_DISQUALIFIED,user_disqualified,500
8038334f-9da6-46ed-8537-0b8c76ae8c52,PFIN23129FE68086C3B1,USER_DISQUALIFIED,user_disqualified,500
75ad207c-927b-46fb-86f0-c6c73d87a51f,PFIN2349B0931C69F625,USER_DISQUALIFIED,user_disqualified,500
b9354d58-bcc3-47f4-8cab-3c67ef624e8c,PFIN00194A9AFADCD77B,USER_DISQUALIFIED,user_disqualified,500
e06e363c-65e4-414a-bb55-b725e3cf15bb,PFIN11359DAFCD5A0A85,USER_DISQUALIFIED,user_disqualified,500
8d8b1594-6c33-40e7-aabf-31e53481b504,PFIN0549587C1ECC7CA2,USER_DISQUALIFIED,user_disqualified,500
e0e037be-a448-4d90-819a-7376a8d24619,PFIN1000FE851A7E9DFF,USER_DISQUALIFIED,user_disqualified,500
8d3c95a6-c661-4966-b05f-354e299f1669,PFIN1741A54D992A2D6C,USER_DISQUALIFIED,user_disqualified,500
bdc424b8-4ee9-4dea-99ba-5cc5f3ac793b,PFIN493784147F5A6CEE,USER_DISQUALIFIED,user_disqualified,500
bd8672ae-7c2a-4548-ac95-dec16f5be108,PFIN0223439BDFA2DA3E,USER_DISQUALIFIED,user_disqualified,500
693798c8-fdf9-4b4c-b4ac-ac34c2e2608b,PFIN4429F78F4D79A99A,USER_DISQUALIFIED,user_disqualified,500
7f21c799-9c03-41db-953a-f4fc7831af29,PFIN4145E93B925F2FC2,USER_DISQUALIFIED,user_disqualified,500
71ffbd42-92ee-49b1-9af1-bd7bd0f033d4,PFIN20288FB9C8458BE4,USER_DISQUALIFIED,user_disqualified,500
b901eb45-5631-483f-b952-6699eca823e4,PFIN4757C90D72A2B729,USER_DISQUALIFIED,user_disqualified,500
6bb8a068-f284-4b47-9b9b-55ad04f0a479,PFIN253704309A5981DE,USER_DISQUALIFIED,user_disqualified,500
f266ec4e-1c71-4fd6-806b-ec53b06da574,PFIN26085D64266AB918,USER_DISQUALIFIED,user_disqualified,500
59d702c4-1305-4788-b5b2-95b1f2e06f63,PFIN2314CC993C3463EB,USER_DISQUALIFIED,user_disqualified,500
ef1805b8-ef3a-41a5-ae87-7e68d2c1a21e,PFIN1740A3AE0152154F,USER_DISQUALIFIED,user_disqualified,500
e77b3c81-ad18-4eac-a8e6-8f0983ea3064,PFIN04576AA2DA9F9E06,USER_DISQUALIFIED,user_disqualified,500
c176ccbe-ff3b-4f22-8574-d9d66fbeecc0,PFIN56345E7C80B7FC12,USER_DISQUALIFIED,user_disqualified,500
834af3e4-4c81-45fa-af18-2a3b51674488,PFIN47472C3879E234A8,USER_DISQUALIFIED,user_disqualified,500
e669a841-8c35-4173-81b3-e84740db7ca2,PFIN2502F41FBDCCB4D5,USER_DISQUALIFIED,user_disqualified,500
83e303cb-2b4e-41cf-9b92-d871a8a2e6ef,PFIN3535D09499036827,USER_DISQUALIFIED,user_disqualified,500
fa81e46f-69a9-421b-94a0-59283b33d5a8,PFIN144714B9D7694EC7,USER_DISQUALIFIED,user_disqualified,500
b644ed28-6811-4f44-a503-9cf57502df26,PFIN40275CFD48F49518,USER_DISQUALIFIED,user_disqualified,500
d5b9e972-dc0d-41e6-b3d6-e2e29d44fccc,PFIN5656FE482528314D,USER_DISQUALIFIED,user_disqualified,500
891c7d12-d545-4b3d-b54a-1ce48a2c94c9,PFIN214118EB50D2A4AB,USER_DISQUALIFIED,user_disqualified,500
69ed97d4-c455-4184-ab4a-20cc739fdf1a,PFIN530249F65340B9C9,USER_DISQUALIFIED,user_disqualified,500
e70ee741-efb0-4b4b-8ae3-f88b42f9e551,PFIN10099B9CA0FBB9BE,USER_DISQUALIFIED,user_disqualified,500
f052ccc7-e501-49a3-a5b8-60f6e673a80e,PFIN4837B43C1323192C,USER_DISQUALIFIED,user_disqualified,500
ae9753e8-e1f3-457c-84e8-44d926c893a0,PFIN0526E5F1EC65AF07,USER_DISQUALIFIED,user_disqualified,500
5b1ca907-fbdd-42ac-b875-06f7884d433e,PFIN0416BC6262D20A82,USER_DISQUALIFIED,user_disqualified,500
cb91bd25-64e4-4c60-adbf-0589c2ccd759,PFIN0905B75CE1CDF78E,USER_DISQUALIFIED,user_disqualified,500
d6752d8d-e238-4162-9afa-60accd8fce65,PFIN5534C36FEC4874C4,USER_DISQUALIFIED,user_disqualified,500
bb7f90ee-a355-497f-be7a-04efa4ccb263,PFIN303333A3C82BD020,USER_DISQUALIFIED,user_disqualified,500
98e3c227-9087-4c96-ae8b-5e81d9fcfe6f,PFIN1420163008A352BB,USER_DISQUALIFIED,user_disqualified,500
a6d5f731-bbd5-4637-b514-c9ff0f42675e,PFIN12249E307D754326,USER_DISQUALIFIED,user_disqualified,500
f6a3078d-b37c-4c51-8183-8fee65c5d452,PFIN3850792C2221C658,USER_DISQUALIFIED,user_disqualified,500
9ea005a3-6752-4b3c-8ba3-f8e3fb078ee2,PFIN1931E89CD9C2DD97,USER_DISQUALIFIED,user_disqualified,500
86acf13a-e350-4d49-9e22-2fc640151d6f,PFIN03297660971957E4,USER_DISQUALIFIED,user_disqualified,500
95aa2262-069c-4030-bd0f-14547764813b,PFIN2748A980E7E8CD93,USER_DISQUALIFIED,user_disqualified,500
d0996d35-b134-479a-9f62-5119b5e7ddf3,PFIN2522FB85F1C3DF6C,USER_DISQUALIFIED,user_disqualified,500
9befcec6-6db8-412b-bd4b-c3ca68e43d92,PFIN50033D8B2054064E,USER_DISQUALIFIED,user_disqualified,500
d1a51bcf-212b-456c-b575-a5ae3ed554c8,PFIN33411AF243D51144,USER_DISQUALIFIED,user_disqualified,500
b98e3367-8998-477e-ad7f-16fb53ae69e7,PFIN5750492547563E57,USER_DISQUALIFIED,user_disqualified,500
d390c1cf-3575-4da2-a521-67141fb35477,PFIN46576CE48C4309CC,USER_DISQUALIFIED,user_disqualified,500
5c8c85dc-221b-4ee4-8853-768775bcd9db,PFIN3443BB28BB59ABCA,USER_DISQUALIFIED,user_disqualified,500
642e9377-4c0d-46f6-9edf-4feeac33cb3b,PFIN58303EEBC5C311F9,USER_DISQUALIFIED,user_disqualified,500
59ae5482-edb7-413f-af97-de54ade34860,PFIN52249E6AC0C01BA3,USER_DISQUALIFIED,user_disqualified,500
fd3f65cc-c6da-4eb8-9139-b964aa54c158,PFIN5951B4B59655536B,USER_DISQUALIFIED,user_disqualified,500
ddcf063d-80f7-423c-91c0-1db7168b55cb,PFIN2252CE1854DC4A86,USER_DISQUALIFIED,user_disqualified,500
bc37cefa-4030-40f5-a596-00578459e0ca,PFIN155832CE0F983749,USER_DISQUALIFIED,user_disqualified,500
ca691e59-102e-46be-812f-19d388c6145c,PFIN2027AB44B70F566E,USER_DISQUALIFIED,user_disqualified,500
d9af2c34-7205-42dc-9d33-da9cd92ca7f3,PFIN542674489E55C7C9,USER_DISQUALIFIED,user_disqualified,500
75ed2d4c-e61f-4ffe-a861-89582c63db1d,PFIN49494EC2B5BE1FFC,USER_DISQUALIFIED,user_disqualified,500
9566cea9-372b-4cbd-83bc-55998b660475,PFIN07219FFAB2BCB46F,USER_DISQUALIFIED,user_disqualified,500
a15f5e5b-c7cd-4357-b171-12af2e86b0aa,PFIN5859AFEC0A53CA4A,USER_DISQUALIFIED,user_disqualified,500
90297b6d-1b10-4c07-8ef5-52d63b934d19,PFIN4458A2C9B686E925,USER_DISQUALIFIED,user_disqualified,500
781bcc73-e473-428a-be50-a6a47f1d5bee,PFIN475249A5DCC9CE10,USER_DISQUALIFIED,user_disqualified,500
bc3ee8f9-d4a9-4a95-938b-f8a73035b8e1,PFIN0656CA8CB81E4193,USER_DISQUALIFIED,user_disqualified,500
9bedb591-b30a-41e5-84cf-ca82922df9d6,PFIN0043B24DD98E770B,USER_DISQUALIFIED,user_disqualified,500
c6668cb7-54a5-4eba-b4b1-7e72f996b450,PFIN002143FBC0EAEC9D,USER_DISQUALIFIED,user_disqualified,500
93b91fd5-38ab-41b3-b17f-2c24dc68dc82,PFIN58150B7D6F885C6C,USER_DISQUALIFIED,user_disqualified,500
d3a4d2e8-9059-48b9-8b7e-0155d46787cb,PFIN3455EE68A75ADD1F,USER_DISQUALIFIED,user_disqualified,500
5ee57eff-ed8a-437c-83f1-5ea006e9d048,PFIN55219FCC05019D2B,USER_DISQUALIFIED,user_disqualified,500
976a5f1a-9600-4946-a25a-1559e72b8890,PFIN14305E2980D9D0CA,USER_DISQUALIFIED,user_disqualified,500
a5f4dc2c-279d-4f65-b473-99dbe26a99fd,PFIN0505FA3535DE45F0,USER_DISQUALIFIED,user_disqualified,500
e5207318-ca15-4b7e-ae80-96d381caf9d7,PFIN11402B8EBCF916A2,USER_DISQUALIFIED,user_disqualified,500
f11bcf73-4ae8-480e-98da-de11e5f4f98f,PFIN06569624EE60DB58,USER_DISQUALIFIED,user_disqualified,500
bf901461-659c-4184-b98b-b7aa0cd2280c,PFIN07199CAC77C8C96B,USER_DISQUALIFIED,user_disqualified,500
8f0db8a8-8798-49bd-9605-ee67fad3445c,PFIN0351D4C229FF8316,USER_DISQUALIFIED,user_disqualified,500
aad079e1-9fba-49de-beee-040d2171350f,PFIN5916B140992A7323,USER_DISQUALIFIED,user_disqualified,500
a83d7a89-14ce-42f2-aedb-95e6a07124cb,PFIN4536C7CDCBFC464F,USER_DISQUALIFIED,user_disqualified,500
8f5c5dbf-87e9-4e6a-88bf-c21ae1a95b37,PFIN50308908DDF662D5,USER_DISQUALIFIED,user_disqualified,500
e2dd35e1-7e9a-4f80-ae2a-9bd992e14735,PFIN3857D6BFDEED87BF,USER_DISQUALIFIED,user_disqualified,500
fc1e85c1-f5fe-4f18-859f-912a226e3fd2,PFIN3421682681726E5E,USER_DISQUALIFIED,user_disqualified,500
5e459a4b-adfa-4e0f-ad58-7b3f69614ed4,PFIN17112A1893F52FBF,USER_DISQUALIFIED,user_disqualified,500
98a365b2-25cb-425f-aeff-63113951d326,PFIN2405475D898F4FA8,USER_DISQUALIFIED,user_disqualified,500
73ebdbe6-a4e3-4533-9300-fb8787379324,PFIN37357EEDE0A0B355,USER_DISQUALIFIED,user_disqualified,500
6333c973-da73-4146-af08-4c6d723bed2d,PFIN2605DDF118F83684,USER_DISQUALIFIED,user_disqualified,500
76bdc7d6-822f-4691-bba9-37e23e1814a5,PFIN255775A6A6235639,USER_DISQUALIFIED,user_disqualified,500
6a6eda2f-9c60-4b17-92a6-5152a638d75c,PFIN2856785D97124AF7,USER_DISQUALIFIED,user_disqualified,500
63eeded1-18d6-44fb-b0b1-0f92357126a3,PFIN5505B5273CCF0798,USER_DISQUALIFIED,user_disqualified,500
fee987af-3749-44e4-a9fa-91cec93c5801,PFIN1211775B6279770C,USER_DISQUALIFIED,user_disqualified,500
a5a8f39b-c310-45f1-a5bc-b5e50b16b8e8,PFIN31457DEB0394FB8F,USER_DISQUALIFIED,user_disqualified,500
a2fa1959-764c-47a5-aec3-f7e7f99e0bcd,PFIN4611B62707DA1D77,USER_DISQUALIFIED,user_disqualified,500
ac78c3bb-d2de-4bfc-a0ed-2ad802e12502,PFIN5454C477204BE185,USER_DISQUALIFIED,user_disqualified,500
b979067f-354e-4e2a-83a2-ea358fd00218,PFIN2757A9AF9CF1867A,USER_DISQUALIFIED,user_disqualified,500
676eb9e7-8520-49fa-8228-87e5fb0032bf,PFIN4649B2F80418E6DE,USER_DISQUALIFIED,user_disqualified,500
7d137d84-ac7c-42b3-ad5f-b4bc1d13d97c,PFIN05263C3E3BEB2DAE,USER_DISQUALIFIED,user_disqualified,500
7be7a507-e497-4e8c-8ca2-9e5b8b2dcbb1,PFIN033410D26D2E4DF6,USER_DISQUALIFIED,user_disqualified,500
6855c71d-bc07-4790-b252-b0fed5bddb63,PFIN3701CB7465182873,USER_DISQUALIFIED,user_disqualified,500
7264f814-fe84-4d18-9470-83a67278211b,PFIN10440548D773F2E0,USER_DISQUALIFIED,user_disqualified,500
60bda5ae-7209-4b7a-be7c-19073b1d831f,PFIN47507856B58DB0F9,USER_DISQUALIFIED,user_disqualified,500
a7e94f1f-048d-4eb7-84e3-afb5e50a1b74,PFIN48043325DBBF207F,USER_DISQUALIFIED,user_disqualified,500
a55b7ff7-9db1-4d39-8c63-167f7e440962,PFIN44071FD73B041E34,USER_DISQUALIFIED,user_disqualified,500
7d7e3bda-95e3-4523-bb17-050cd340b986,PFIN393727EA3B0C507D,USER_DISQUALIFIED,user_disqualified,500
66772fc4-0ec9-4cb0-a5cb-db02a88bb598,PFIN3303DF842ED39757,USER_DISQUALIFIED,user_disqualified,500
7f59f7b1-b039-489c-b9c7-104103719a1e,PFIN283685EB335109B4,USER_DISQUALIFIED,user_disqualified,500
b876491d-15e9-463d-9966-6060cc61c548,PFIN10083A88AF797907,USER_DISQUALIFIED,user_disqualified,500
61bcf390-ac14-4e9a-b5d8-dd2425cfbdb5,PFIN250870BCD81C1650,USER_DISQUALIFIED,user_disqualified,500
7bae3778-ff9c-4a7b-bd81-809c91079f81,PFIN170386CBC3253246,USER_DISQUALIFIED,user_disqualified,500
66ec838c-89ce-4b16-9745-51bfe0afcf83,PFIN0830D359BC40BD05,USER_DISQUALIFIED,user_disqualified,500
90f745d2-7174-4acd-a6b9-8c48c4db07f1,PFIN2518AD5EE319E4A6,USER_DISQUALIFIED,user_disqualified,500
aa573227-541b-49d0-9d4d-2ff340c293ac,PFIN58121DAB2DDCB402,USER_DISQUALIFIED,user_disqualified,500
c552a0b6-2833-4eac-a8cd-5dc5ce48763a,PFIN5650F51F6209F263,USER_DISQUALIFIED,user_disqualified,500
c7ebd10d-f2a8-4493-9fe5-56f6a2af3288,PFIN1844314D79C42D68,USER_DISQUALIFIED,user_disqualified,500
70c2a2fe-af6f-4bc5-8a9e-1b5ba6ead3e1,PFIN25455ACB095AE8DB,USER_DISQUALIFIED,user_disqualified,500
c8d2b916-e9bb-4439-a160-c43f49bd142a,PFIN1101C4A94C11E139,USER_DISQUALIFIED,user_disqualified,500
bd377e20-f229-4edd-9256-9e64bbf20a63,PFIN1433CF982B308B18,USER_DISQUALIFIED,user_disqualified,500
c4489a47-b6ea-43c7-97bf-6bd87652aeed,PFIN2424D2F8182C8D0D,USER_DISQUALIFIED,user_disqualified,500
ae2b51e5-8e13-4239-ac1b-37f76662641a,PFIN45388E454257116E,USER_DISQUALIFIED,user_disqualified,500
d0e5d173-781c-476a-94aa-66db12bc55a6,PFIN25520E474BD56237,USER_DISQUALIFIED,user_disqualified,500
653fb0a8-4dba-45b0-882e-9b36eacee986,PFIN4040D48B97D88A0A,USER_DISQUALIFIED,user_disqualified,500
8765476a-29b3-4149-9a39-d61af93072d8,PFIN5310CB5F994A2FF8,USER_DISQUALIFIED,user_disqualified,500
cab78cf1-6bd6-4f10-a26c-45ebb05be6cf,PFIN252110C3011C8C59,USER_DISQUALIFIED,user_disqualified,500
f8207469-8cd7-4b66-8153-87bea86baa3a,PFIN47033DFD5DD110B9,USER_DISQUALIFIED,user_disqualified,500
c807724a-6587-4649-a79a-bf4194d6b004,PFIN4420B91F3206FB77,USER_DISQUALIFIED,user_disqualified,500
b7759bb7-b2ac-4167-821a-045d098551c4,PFIN2239D504C4A5A8BE,USER_DISQUALIFIED,user_disqualified,500
a4fda5a3-b6c3-4ba4-996f-2a380ff3f5e7,PFIN41591510772B1068,USER_DISQUALIFIED,user_disqualified,500
73cc8c13-2f48-4572-8e69-8288da67176d,PFIN3635496F15DCC03F,USER_DISQUALIFIED,user_disqualified,500
863870ad-fdec-464d-9c74-98e28739bf88,PFIN1218E1D4158A9EC0,USER_DISQUALIFIED,user_disqualified,500
5ebd4a19-b573-4ede-8a0f-2702dc5c1c11,PFIN361897496B04FD7C,USER_DISQUALIFIED,user_disqualified,500
c5f772cd-98ce-4c02-bb26-870c4fda2d21,PFIN17121A9349015186,USER_DISQUALIFIED,user_disqualified,500
89ac5b1a-7234-4032-9d68-429b05c982c5,PFIN4953927BFB4AE05B,USER_DISQUALIFIED,user_disqualified,500
a9a8805d-8877-476c-bd71-8b3e240f822a,PFIN1603ACB98D3D7BA8,USER_DISQUALIFIED,user_disqualified,500
7f0a007d-4d34-497e-aaab-edd29e8d58f5,PFIN33236DEF4389FD82,USER_DISQUALIFIED,user_disqualified,500
d012eac6-a05f-4b71-8dd6-e629c7c5dd8e,PFIN32219E502E92F9B7,USER_DISQUALIFIED,user_disqualified,500
b305e6e2-2f11-4a0b-95b1-c8f671054203,PFIN30427D9B6B605A9D,USER_DISQUALIFIED,user_disqualified,500
ddcb5b79-a730-45a0-83e2-60a9a50939e5,PFIN3020BA4614429868,USER_DISQUALIFIED,user_disqualified,500
8623d2f2-8d95-4781-8cab-4fe86289e4bb,PFIN59149068ABA9BEC3,USER_DISQUALIFIED,user_disqualified,500
70529887-b9cc-4e01-a435-e0b57f9f670f,PFIN331335C0066D16D9,USER_DISQUALIFIED,user_disqualified,500
cc3c4e34-200f-4076-9af3-8c931ceb5d2f,PFIN2943FA60F5DD40D6,USER_DISQUALIFIED,user_disqualified,500
fdf8e27e-6537-49b0-8ab9-d2237593a850,PFIN323443BCB9BCF9F9,USER_DISQUALIFIED,user_disqualified,500
92db44c1-36cd-4d49-9ac2-63cb8cd97610,PFIN33498AEFBEF7F391,USER_DISQUALIFIED,user_disqualified,500
8039430b-f6d7-4225-85aa-ca104d88288a,PFIN2103E9FE14E4471A,USER_DISQUALIFIED,user_disqualified,500
b1a8292e-9b8d-4f97-8cf3-71fc2b7c9988,PFIN31315F64040C96B6,USER_DISQUALIFIED,user_disqualified,500
9b0d63be-3265-4908-b219-94bff50b2ee1,PFIN251762FC9DF58A1A,USER_DISQUALIFIED,user_disqualified,500
ab361045-7be3-4abc-8596-4c93a8ae73fd,PFIN5213B68F7D8575C5,USER_DISQUALIFIED,user_disqualified,500
6178abdd-b138-4499-9fb0-ba3043e634a1,PFIN2141688C130B4345,USER_DISQUALIFIED,user_disqualified,500
e04cd219-bc64-42ff-aef4-92e7f6c0c844,PFIN45421E757E20A671,USER_DISQUALIFIED,user_disqualified,500
a8f4bc20-4c49-4220-86ec-7c1fc79f5fd9,PFIN55398715592553B8,USER_DISQUALIFIED,user_disqualified,500
e7beadb2-4f0c-4dd3-82d3-bc6aaefe8cda,PFIN1058D43EAA476541,USER_DISQUALIFIED,user_disqualified,500
eced4d21-ac24-49c7-a63f-d134341818ae,PFIN4326A650977BE6E0,USER_DISQUALIFIED,user_disqualified,500
73cbc963-9e23-4468-b148-5f50daa0408b,PFIN164634D860774D0B,USER_DISQUALIFIED,user_disqualified,500
68e26dd3-358f-45b4-89f0-1dcd90aa28ea,PFIN1755CADCC7BD9566,USER_DISQUALIFIED,user_disqualified,500
dc11537d-e39f-4782-bb7d-8b38dcf969b0,PFIN2924518FE35446F5,USER_DISQUALIFIED,user_disqualified,500
f9aa6abc-0746-43d9-86df-aff3730e43af,PFIN2902A2AED9E13123,USER_DISQUALIFIED,user_disqualified,500
70d4df0f-c7fd-4bfa-abc0-b67c45b8a980,PFIN1459FDF688F39C8A,USER_DISQUALIFIED,user_disqualified,500
d27b255d-391d-4c18-be36-5d91862a1279,PFIN5203F89C327D2951,USER_DISQUALIFIED,user_disqualified,500
858dbef2-007a-4b70-9da6-e8795bdfc70e,PFIN28403A50DA74C36F,USER_DISQUALIFIED,user_disqualified,500
6b0f8409-6d78-4f35-b844-c838d52fb0e7,PFIN2102053CFC1DB197,USER_DISQUALIFIED,user_disqualified,500
f70e1337-12dd-4d33-8782-d73a02fe2a12,PFIN5455D9AD77D0330E,USER_DISQUALIFIED,user_disqualified,500
7f4942d2-e700-422f-8059-2880d4c95a2e,PFIN2621D3AA89683919,USER_DISQUALIFIED,user_disqualified,500
8fc0db79-f035-4ec0-b387-6f4934035f33,PFIN23435ADD5D2102C8,USER_DISQUALIFIED,user_disqualified,500
c3f8cd58-b5db-49ea-9bc2-8b0119089799,PFIN264254CB84996051,USER_DISQUALIFIED,user_disqualified,500
e8738278-a224-42f4-beaf-add7af66d180,PFIN39448E6FF5A958E3,USER_DISQUALIFIED,user_disqualified,500
f0395b06-c8fe-4c01-aaa5-27704b639a40,PFIN53528EA4291F7EE8,USER_DISQUALIFIED,user_disqualified,500
5828197b-be68-42c0-8c28-fe3d3e401c96,PFIN5958F6CC1E48C59D,USER_DISQUALIFIED,user_disqualified,500
8116c2ae-5b5b-4fff-97bb-6ef88fe368db,PFIN04010C224FC845A8,USER_DISQUALIFIED,user_disqualified,500
5cbc0458-90a8-4c3c-826c-4d9dc911b0a5,PFIN2137B7955675E0D3,USER_DISQUALIFIED,user_disqualified,500
adecd8f3-57e4-405d-a8fd-8675adfdd954,PFIN15575F2A49576E99,USER_DISQUALIFIED,user_disqualified,500
b81c82d8-ad92-48ca-bee5-f09d53b3a88c,PFIN18246700357A09A7,USER_DISQUALIFIED,user_disqualified,500
9c8dbde2-c456-4488-b205-db6fd0d95984,PFIN19394160BE74AB67,USER_DISQUALIFIED,user_disqualified,500
680d6498-bdc2-4618-a227-2dae4eb5449b,PFIN362520B96D25BE07,USER_DISQUALIFIED,user_disqualified,500
ae893455-5ff9-440c-a85d-2ab63463eee2,PFIN063861A9C3607BF6,USER_DISQUALIFIED,user_disqualified,500
c90d964e-c9e5-4ba2-b06d-f28d9e15ddc1,PFIN14506200A167243F,USER_DISQUALIFIED,user_disqualified,500
805b459b-24a3-42a9-8355-19ae3205da55,PFIN29483F10CFF43857,USER_DISQUALIFIED,user_disqualified,500
d089dd16-9f9b-456c-a9e6-2d0661977593,PFIN3548E83148D1220E,USER_DISQUALIFIED,user_disqualified,500
89567070-f3c1-41d5-a548-529929dc0563,PFIN4741C558C8FD6976,USER_DISQUALIFIED,user_disqualified,500
b362a50a-c5b8-4922-bd97-89eee974037d,PFIN44052D773E8822D9,USER_DISQUALIFIED,user_disqualified,500
c3e489e1-b332-40b7-8f60-c366ec437ee7,PFIN351698812E44D34D,USER_DISQUALIFIED,user_disqualified,500
cb30964b-289b-49b2-8d03-3ff9bba3fa33,PFIN4912DF6165C110A1,USER_DISQUALIFIED,user_disqualified,500
8c204f3b-929f-4d81-96e5-bce89b90a6a3,PFIN46305736B343412A,USER_DISQUALIFIED,user_disqualified,500
a1f9d796-c433-4b46-a592-cb2272018866,PFIN13067878E35529DC,USER_DISQUALIFIED,user_disqualified,500
81b7c5e1-44c6-4968-9d4f-ca260793c505,PFIN2429CEF7CA589839,USER_DISQUALIFIED,user_disqualified,500
cdf39904-41cd-4ddf-8eaf-dbd0d2ed2e03,PFIN02048E3CDC346A6E,USER_DISQUALIFIED,user_disqualified,500
5cf6f5f6-558e-462e-94ed-9c842650b249,PFIN09501761F74ED03D,USER_DISQUALIFIED,user_disqualified,500
a56e899f-8eac-417b-81dc-ddb127bd82fa,PFIN1515E8585984A71F,USER_DISQUALIFIED,user_disqualified,500
fc7dad7e-b17f-456a-81ec-1bf6935d7770,PFIN5854E3A87466A12B,USER_DISQUALIFIED,user_disqualified,500
7e24468f-22f6-45db-8f86-1eb91071e7bc,PFIN10427DAF4BA01734,USER_DISQUALIFIED,user_disqualified,500
b9327981-3451-4ab4-b56b-45df3fa63bff,PFIN53149DFFC658220C,USER_DISQUALIFIED,user_disqualified,500
b4cdeb09-d903-436f-a4cd-b2a93ec73b2c,PFIN2625CBD2C09600BC,USER_DISQUALIFIED,user_disqualified,500
9e2bbedb-986e-4fb5-9a66-20409502e0cb,PFIN1238F70C5BE8312A,USER_DISQUALIFIED,user_disqualified,500
a94901d6-3b9e-43e8-a28e-6d5ee0b6fa65,PFIN2513B4A023246356,USER_DISQUALIFIED,user_disqualified,500
79e1cd3a-9a28-45af-b50c-92d74f90a60b,PFIN08489B380FDD4332,USER_DISQUALIFIED,user_disqualified,500
e0cf8fe0-17e5-4aab-90b2-db0f341571f3,PFIN50021FB600F04AC0,USER_DISQUALIFIED,user_disqualified,500
8f944966-951e-498c-a2ba-78645dbdfc72,PFIN47373440B5B01B61,USER_DISQUALIFIED,user_disqualified,500
c3683249-3d65-4de4-9ceb-74cf7060f903,PFIN15473A947679DC26,USER_DISQUALIFIED,user_disqualified,500
fc3b0516-58c1-4182-8fdb-f86af569aaff,PFIN3312683324361804,USER_DISQUALIFIED,user_disqualified,500
d73d2f62-667e-41bd-a71a-492309b31e74,PFIN0851D604001C7EDF,USER_DISQUALIFIED,user_disqualified,500
f16cceee-6835-4643-bc97-66e9fc6fc426,PFIN08430B4FE2A4A574,USER_DISQUALIFIED,user_disqualified,500
6f87243e-38dc-4b8c-9eb5-e9f16cfb8997,PFIN0801417C8C683AB8,USER_DISQUALIFIED,user_disqualified,500
a902f1a9-0e69-4d93-b0b6-f5cef6598a72,PFIN55111E17F97DD426,USER_DISQUALIFIED,user_disqualified,500
fb1b2aca-582e-4b26-b7cf-e24b110da618,PFIN052041BDD3987F9C,USER_DISQUALIFIED,user_disqualified,500
58f0d26c-84b9-4f24-a39b-43ec9b314e84,PFIN04463223EA3D69D3,USER_DISQUALIFIED,user_disqualified,500
c59f58d4-d6f2-44ec-89bf-03319d42bb23,PFIN3030748271E8B0A0,USER_DISQUALIFIED,user_disqualified,500
b5bce0a7-d277-406e-9c8e-70a64ecc0031,PFIN325397FD53940C3B,USER_DISQUALIFIED,user_disqualified,500
752d1340-e103-4970-8d3d-a5a944e3418d,PFIN5951DDE12837F2FF,USER_DISQUALIFIED,user_disqualified,500
ab514295-e3b4-4b0a-882c-c6c47a2280ec,PFIN325949238094407B,USER_DISQUALIFIED,user_disqualified,500
b961ca27-a727-4c84-a76b-0f6d9cf0aaa7,PFIN023580074AE8B622,USER_DISQUALIFIED,user_disqualified,500
c3b2988d-4fd7-4639-aea2-4fc37106a356,PFIN07265FE080E505C1,USER_DISQUALIFIED,user_disqualified,500
f4590ceb-41ec-4f1c-8e7a-67441772ac16,PFIN45465DEE1BC66501,USER_DISQUALIFIED,user_disqualified,500
95597f44-9fb9-457e-ae75-cf32f1d4158c,PFIN0347DE1BCB899B7B,USER_DISQUALIFIED,user_disqualified,500
813d9695-9367-4ba4-85fd-082ff1847964,PFIN0117D29065878525,USER_DISQUALIFIED,user_disqualified,500
e4aeac38-318f-4efd-9a6f-7315067f0f52,PFIN11223B700F96AACD,USER_DISQUALIFIED,user_disqualified,500
600da490-ac5e-4847-af9f-fa5b0eceeed2,PFIN57454B90E8F192CC,USER_DISQUALIFIED,user_disqualified,500
e43539bc-61ac-4706-a430-a0387d888b57,PFIN024632F9FAAE565A,USER_DISQUALIFIED,user_disqualified,500
ff08390e-c013-44db-855a-2e87b87d1613,PFIN0410F5BE305B6851,USER_DISQUALIFIED,user_disqualified,500
590a8c84-6bbc-48e2-bbe0-c90e77a3e3eb,PFIN12202D69FADAE205,USER_DISQUALIFIED,user_disqualified,500
fcc10bb0-8241-4578-89db-35c2dfe51807,PFIN0227473CF57D23E7,USER_DISQUALIFIED,user_disqualified,500
fb760551-6280-47cf-8ade-690ee4df6e06,PFIN0339B987DE387942,USER_DISQUALIFIED,user_disqualified,500
633cfcf1-9a9c-4ea6-abed-a56c8eb94e94,PFIN0720BB0B6C060C29,USER_DISQUALIFIED,user_disqualified,500
aed7ce24-b6d7-4021-8eef-7d3b5abbbe55,PFIN16222879A48CAB97,USER_DISQUALIFIED,user_disqualified,500
793c1bd2-c86e-438f-a8cc-90c91a6265c0,PFIN5828DBB9199ED80F,USER_DISQUALIFIED,user_disqualified,500
6d1f97d0-b6a9-4e67-bbc3-aced7479aae0,PFIN2405316897C8D95F,USER_DISQUALIFIED,user_disqualified,500
ca03cdc9-f5a1-4d96-bc6b-3e9b0aebb68f,PFIN583100E64966D14E,USER_DISQUALIFIED,user_disqualified,500
e8cb8548-10af-4b1e-b4c0-3a7ed98ad16e,PFIN58187CC52B8E81FD,USER_DISQUALIFIED,user_disqualified,500
a2b4d1fa-dbed-4a5d-8590-59f2f52ed305,PFIN4452B5B1B5FEA7C5,USER_DISQUALIFIED,user_disqualified,500
aa1b6baf-8b11-4c66-82aa-2210a8e14920,PFIN0614ABD53EC18F6F,USER_DISQUALIFIED,user_disqualified,500
d3ed5b53-04f9-45eb-bcf1-fb793c249f8f,PFIN41371DAAB87344CC,USER_DISQUALIFIED,user_disqualified,500
e4d8fd4f-ad27-4ec2-a06d-038afe4df99c,PFIN07081D65C8E5B9D0,USER_DISQUALIFIED,user_disqualified,500
ee61d5b4-1cb0-42c4-810b-c126ab2130c8,PFIN5138E58C82B57D35,USER_DISQUALIFIED,user_disqualified,500
ba3bd47e-ddb5-4b18-99f6-a550e8548dc7,PFIN002314C338F43B1D,USER_DISQUALIFIED,user_disqualified,500
8fa04d0c-2a4b-4b12-9615-c73eef0bab9d,PFIN5314A75BE67DCEED,USER_DISQUALIFIED,user_disqualified,500
74f0b038-6027-4c9d-b310-0ede5ba6497a,PFIN042457E8B3A2BB75,USER_DISQUALIFIED,user_disqualified,500
bfbac399-1079-4558-adfc-bb3dde8e044c,PFIN42148CD977EEFA24,USER_DISQUALIFIED,user_disqualified,500
89298e0f-18e6-4027-b0a3-396ef13448a2,PFIN08238DD3869B015B,USER_DISQUALIFIED,user_disqualified,500
94bd52b2-7070-4fe5-8450-219202c375f8,PFIN51151D56C8A363C1,USER_DISQUALIFIED,user_disqualified,500
911aa88e-e998-4fe8-9139-be03dfbe41ba,PFIN43578E1FA4B355AA,USER_DISQUALIFIED,user_disqualified,500
ed4ca6b2-6431-4bd1-9e73-78d793844e0c,PFIN31318CC324441654,USER_DISQUALIFIED,user_disqualified,500
9ffe82a9-8f6c-422f-871a-8efabb5ab588,PFIN12584EA28E3EC3A3,USER_DISQUALIFIED,user_disqualified,500
63ba8d1d-8fcb-47c2-8a96-f2adc94e3eb5,PFIN14517C364458091B,USER_DISQUALIFIED,user_disqualified,500
79c4a943-c9ef-4cff-b037-700207f73144,PFIN11368E09F1D20F2A,USER_DISQUALIFIED,user_disqualified,500
df959517-da7c-4178-90e1-32a3975a7cd2,PFIN2504378DED96320F,USER_DISQUALIFIED,user_disqualified,500
cc731325-9f04-4c66-8eae-6464b6924ed0,PFIN4624514C89AD051F,USER_DISQUALIFIED,user_disqualified,500
6c43d3ac-9374-428c-9d45-a72eb9c7ac7b,PFIN562369A0E1AA3A13,USER_DISQUALIFIED,user_disqualified,500
f6b3ce7d-70b2-4445-a4e7-2ce2a6857acb,PFIN4332D26129F70CFC,USER_DISQUALIFIED,user_disqualified,500
9bc1cf4d-2a74-4ffe-a570-b5bfbea33bba,PFIN0015435D40DF6382,USER_DISQUALIFIED,user_disqualified,500
e9aaecd2-1fb1-4789-a530-238a3b898271,PFIN42245ADFE291071B,USER_DISQUALIFIED,user_disqualified,500
c3649983-5a09-4b06-a287-83ce2a03277e,PFIN4029860B1C7062E7,USER_DISQUALIFIED,user_disqualified,500
620dab25-e314-4fc6-8057-20210d123970,PFIN22515916AB34DEE8,USER_DISQUALIFIED,user_disqualified,500
913a143a-dcca-4ffb-a257-cd272f0bf983,PFIN26014757796DF9D1,USER_DISQUALIFIED,user_disqualified,500
9bf8b4a0-98fb-4621-945b-a05c418e33c3,PFIN41183D644DCA5695,USER_DISQUALIFIED,user_disqualified,500
db56926f-0d74-41e3-b863-41e323316f36,PFIN4335DF603A0121D6,USER_DISQUALIFIED,user_disqualified,500
ea05a32d-a7ba-4183-8d8f-6f9149c11bd5,PFIN225525E242497EF4,USER_DISQUALIFIED,user_disqualified,500
5fdc40b0-91b1-40fd-ad2d-325209eeaa4d,PFIN41334AD61AF051C5,USER_DISQUALIFIED,user_disqualified,500
f2f55b7d-4d91-4886-8d4c-840ea6b703c9,PFIN46123B2D71C462CD,USER_DISQUALIFIED,user_disqualified,500
5aa16e73-8256-46a1-a6e7-9b1030945d1a,PFIN41322FC42D06AA64,USER_DISQUALIFIED,user_disqualified,500
7d125c40-4ff6-438f-8bcb-870c3a263d65,PFIN4252FA956CED5916,USER_DISQUALIFIED,user_disqualified,500
b1daec13-5ec7-4980-ade9-ae8b779e2d61,PFIN12415C3373B89A19,USER_DISQUALIFIED,user_disqualified,500
86a04aa9-69db-4493-8f07-c1850433776e,PFIN5513BE70A0336197,USER_DISQUALIFIED,user_disqualified,500
f7ea4839-31e5-4053-88a6-78c6795d14a6,PFIN22308F8349872E52,USER_DISQUALIFIED,user_disqualified,500
aae184f2-ea20-4333-ae0d-76ec16fd9b0d,PFIN3319C9DBBE85BA46,USER_DISQUALIFIED,user_disqualified,500
891eaa57-a62b-44a0-8591-ac6dadd11334,PFIN2413E6033AC10893,USER_DISQUALIFIED,user_disqualified,500
71d7a804-48db-4c37-be59-c64a320725b0,PFIN26226BA7E4D8ABBD,USER_DISQUALIFIED,user_disqualified,500
5ed4a7ae-2bff-4a08-a5d4-dfea12d8d154,PFIN3220BF3A2A796007,USER_DISQUALIFIED,user_disqualified,500
a3ac8908-eb3a-49ba-91cf-fe81168d4ae6,PFIN092362FC1829D073,USER_DISQUALIFIED,user_disqualified,500
c4a7854b-80cf-4f75-a1b7-d51ece8f13f2,PFIN28454BF3069BC9B6,USER_DISQUALIFIED,user_disqualified,500
6d90e99b-07c8-400a-96d0-d529e245f659,PFIN2203ED62D5CE4746,USER_DISQUALIFIED,user_disqualified,500
a6b3621e-08e3-4e78-82b4-86956f3263b1,PFIN0931378D5045BE1A,USER_DISQUALIFIED,user_disqualified,500
84d27bc7-e063-4262-9334-01cbfef3771e,PFIN4747C7E7EB962DEF,USER_DISQUALIFIED,user_disqualified,500
d2ac4ddb-9bce-4f77-9679-b62618545af8,PFIN09463E8013D2E893,USER_DISQUALIFIED,user_disqualified,500
b96ff0ac-8d45-43df-ad7a-d8a83e24923d,PFIN3351737CB7599869,USER_DISQUALIFIED,user_disqualified,500
842485b3-cf74-4fbb-89d9-e0f23ffe6461,PFIN3735F194E8F9C198,USER_DISQUALIFIED,user_disqualified,500
a8553959-18fc-478d-bf20-422bb9bf468a,PFIN355041325F88B3C2,USER_DISQUALIFIED,user_disqualified,500
faa6c72e-bda1-4501-90e7-4a97d6621a68,PFIN2333C64F0BA5D92D,USER_DISQUALIFIED,user_disqualified,500
bbd1da27-80e8-4111-9f4f-89ef9f093c02,PFIN3004DC4091165F1D,USER_DISQUALIFIED,user_disqualified,500
cc8b5e5a-4d5a-4c6c-9623-d359c44989e5,PFIN32534EE1D49747A7,USER_DISQUALIFIED,user_disqualified,500
8485636b-0311-467c-b1a8-74d51c855b9c,PFIN35473B9083421B3C,USER_DISQUALIFIED,user_disqualified,500
ca7b70d7-8a1c-4096-a58f-74d05ab6d11f,PFIN3131B0B4EA252559,USER_DISQUALIFIED,user_disqualified,500
a6375c6f-fef8-441b-bdab-f6fd1e5009fb,PFIN26533CAF33C5E0BE,USER_DISQUALIFIED,user_disqualified,500
aa513f03-3dc8-4d39-931c-04c66a053ecc,PFIN545346916F4FC35F,USER_DISQUALIFIED,user_disqualified,500
851096f1-a894-4276-9755-e0e942ebb5d1,PFIN00404CCCFFFDBB8B,USER_DISQUALIFIED,user_disqualified,500
8f6ae2b1-992f-4e2d-b666-aaf1a472258d,PFIN2626B9D0AED698D1,USER_DISQUALIFIED,user_disqualified,500
97a53d0b-2223-4544-9ae8-5acb03848e21,PFIN4812BF7A8DC1E0A6,USER_DISQUALIFIED,user_disqualified,500
8fc53745-70e7-478a-a5fb-6939346543a7,PFIN525693D2AA3AA979,USER_DISQUALIFIED,user_disqualified,500
d6bf57f4-058f-431e-a547-412c4310cead,PFIN4953FF4C8BE77E4B,USER_DISQUALIFIED,user_disqualified,500
edef6024-2d96-46d1-bac0-0348cdaef6f5,PFIN4714E77A5A39EDDF,USER_DISQUALIFIED,user_disqualified,500
cf865bf6-8cba-4f21-a968-c69dd60b7465,PFIN2149FE1779950E40,USER_DISQUALIFIED,user_disqualified,500
cb5b82d8-18af-4b4b-81fd-abbdcba71d6d,PFIN2758622EA77FA5D1,USER_DISQUALIFIED,user_disqualified,500
7e0e8237-7d6c-43d6-a2d4-2d8e1ef1aa69,PFIN2502D2C482F173DB,USER_DISQUALIFIED,user_disqualified,500
f95916d0-6aa9-449f-95ca-d7c65defcb08,PFIN15212D7EA2FF2A35,USER_DISQUALIFIED,user_disqualified,500
e0767c4a-37aa-4eb0-8f84-b0d453af006e,PFIN18524E444DE0AD51,USER_DISQUALIFIED,user_disqualified,500
aa33bd4d-e9ba-4a28-bcea-a1405c922a0a,PFIN453270CFDC68E458,USER_DISQUALIFIED,user_disqualified,500
baa0f62f-3d92-478d-bf4f-0b9c8a6baca1,PFIN2823CB86C0D3130D,USER_DISQUALIFIED,user_disqualified,500
d62524ae-37a0-4c9f-82c5-ff8b564cb05d,PFIN26583301F01B3323,USER_DISQUALIFIED,user_disqualified,500
fb80c89d-44bd-4d17-a91c-4bb9bb413116,PFIN2811838ECD15EE3D,USER_DISQUALIFIED,user_disqualified,500
88e01ef6-8e9b-4307-91bc-8bfb9f01da56,PFIN1653AA4B76182063,USER_DISQUALIFIED,user_disqualified,500
84906010-66ce-49c1-a742-b718adc0232d,PFIN2141ACC7ABAB5B55,USER_DISQUALIFIED,user_disqualified,500
6627b101-79f6-491f-b65f-c14f75ab0793,PFIN421397E005E0DAA0,USER_DISQUALIFIED,user_disqualified,500
d692e27c-3b85-4e9a-9906-e2122ded61c2,PFIN140100615311C9A2,USER_DISQUALIFIED,user_disqualified,500
ff95347d-7ce9-407d-9478-7c6a76bbbe78,PFIN4819E3AF4612195C,USER_DISQUALIFIED,user_disqualified,500
e3e945df-6a56-4fdc-beae-51c91f7e76a0,PFIN23027FD2B413AB86,USER_DISQUALIFIED,user_disqualified,500
bb5a81dd-5704-4e27-8b34-75c271e28c4b,PFIN251099CCDD85BF0E,USER_DISQUALIFIED,user_disqualified,500
75be1e5f-771a-4b4c-9a77-a0108ea19459,PFIN1353E7C42E324D21,USER_DISQUALIFIED,user_disqualified,500
9d7a1779-925d-4b86-af7d-c4b2f84b55cf,PFIN220279B1963868DA,USER_DISQUALIFIED,user_disqualified,500
9b2977ca-6c0e-4ae7-81d7-57e503b5cb8c,PFIN30339BBFEFB9EE0A,USER_DISQUALIFIED,user_disqualified,500
c441cca7-f6ce-4a0a-aac9-1176e1f377e3,PFIN3700D0DE61D6C7CC,USER_DISQUALIFIED,user_disqualified,500
a48986b0-507f-497e-87c6-254fd3276764,PFIN1612AD4A20A8072B,USER_DISQUALIFIED,user_disqualified,500
77452400-a96a-4947-a7b2-ef82b77ec00b,PFIN0629793D3539FA9A,USER_DISQUALIFIED,user_disqualified,500
d86cc55d-40b2-466e-8ee6-e97de715c6f7,PFIN2240FA4C1E1E8C62,USER_DISQUALIFIED,user_disqualified,500
66ba3105-50c4-4b28-aa2b-d2389becc124,PFIN17534D1322DEE062,USER_DISQUALIFIED,user_disqualified,500
7fbfa913-925f-46f8-ac16-e349087d19fa,PFIN240483CD2A27FB65,USER_DISQUALIFIED,user_disqualified,500
6ccc0af0-1871-4b92-96e8-fd48a163504e,PFIN5211DAA11DE29CFD,USER_DISQUALIFIED,user_disqualified,500
af51cf4a-1135-47df-bbe3-1c4faaf0fc8c,PFIN00255CFAC078CA80,USER_DISQUALIFIED,user_disqualified,500
86f35227-458d-421c-a1f7-efd022f3f136,PFIN31001C00A2EA78A2,USER_DISQUALIFIED,user_disqualified,500
5ef8c7b0-1e28-49fa-8b6e-587c1a46dad5,PFIN17299586CDFBA5FC,USER_DISQUALIFIED,user_disqualified,500
a25805a4-be53-4aeb-b996-7d255ce551ff,PFIN20370017BF480EFD,USER_DISQUALIFIED,user_disqualified,500
6eff7504-0f5c-4402-9b6a-b113980834f4,PFIN232541901A4A2FCD,USER_DISQUALIFIED,user_disqualified,500
6429b7a1-45c4-48a0-b0eb-079e3cb784da,PFIN41222DDA27510762,USER_DISQUALIFIED,user_disqualified,500
d85279d4-71f5-4bf9-b544-79e9494b751a,PFIN42569DB20B8FB8A4,USER_DISQUALIFIED,user_disqualified,500
7d820349-8db7-4695-b57b-e7fb539f1945,PFIN1914119DAD08CB23,USER_DISQUALIFIED,user_disqualified,500
ce96d385-1adb-46ef-bbaa-e8187314e926,PFIN5931F1B3FA00D149,USER_DISQUALIFIED,user_disqualified,500
a9ec64db-62ec-4278-85c4-f131550bbebb,PFIN4541B3D39D796F51,USER_DISQUALIFIED,user_disqualified,500
a4013288-3e9e-4228-a0dd-1ab754bfe6b8,PFIN14004FE64BBD35FA,USER_DISQUALIFIED,user_disqualified,500
b55e583c-fdf6-4f9b-91b5-431eab2cc3a8,PFIN2007FFD2461FD38D,USER_DISQUALIFIED,user_disqualified,500
67342ff0-ade5-4829-ab49-6084df7e5fc2,PFIN134704ED00C03478,USER_DISQUALIFIED,user_disqualified,500
ddecc496-e6c2-4839-b3a4-98fc29fa0f4b,PFIN083079AADD3215E6,USER_DISQUALIFIED,user_disqualified,500
c0d99113-f7a5-4fe6-8f9f-de727d45a7ce,PFIN4821BE5AD1563FBB,USER_DISQUALIFIED,user_disqualified,500
bc326688-c31c-4c8b-9810-f314e26b2a4e,PFIN103425920AC65B55,USER_DISQUALIFIED,user_disqualified,500
c2c79828-cfe4-4f4d-946d-328d40443e09,PFIN1551F068E5A65338,USER_DISQUALIFIED,user_disqualified,500
64233d1d-6954-47cd-ae99-de0831ca4c47,PFIN54119ED3DE19E48A,USER_DISQUALIFIED,user_disqualified,500
bae88aa6-e78c-44e4-a037-2b23a72ff075,PFIN1603BDB7A1D57BFD,USER_DISQUALIFIED,user_disqualified,500
a6ad74e2-f9d8-4a98-96fb-712e9a3015aa,PFIN0547243DB5C9B322,USER_DISQUALIFIED,user_disqualified,500
ca24cf1d-0dd4-42ca-b226-8d9e1321a20d,PFIN0736C2F5A9081875,USER_DISQUALIFIED,user_disqualified,500
ad5f4da6-9360-482d-b8d2-28d66365c40e,PFIN074053E17B49A865,USER_DISQUALIFIED,user_disqualified,500
d2e95ab1-13b1-44aa-bd51-f523784ec1e5,PFIN16213E46E887F24B,USER_DISQUALIFIED,user_disqualified,500
70f56999-983b-41ea-b192-b79b1ca7e949,PFIN362347FF728CDE70,USER_DISQUALIFIED,user_disqualified,500
c7642850-784b-486f-884e-18792739b12d,PFIN16429C2EEB1905DD,USER_DISQUALIFIED,user_disqualified,500
e7ba75d1-7fe7-4c3d-91f1-563aadb56425,PFIN570597E879A2D0EF,USER_DISQUALIFIED,user_disqualified,500
eaf77291-4976-40c7-be16-cbeac47128c8,PFIN1435485C94C50398,USER_DISQUALIFIED,user_disqualified,500
5f2b8fa0-4fd1-4869-9f80-e6593354e768,PFIN33306519DC9548F7,USER_DISQUALIFIED,user_disqualified,500
70df98d3-8b28-43b5-9601-6b72954833a1,PFIN26073B732118A6A7,USER_DISQUALIFIED,user_disqualified,500
65c76815-8c03-4f14-aa5e-0e4133d954b6,PFIN1945F301EE449652,USER_DISQUALIFIED,user_disqualified,500
62e97295-14fd-4e0b-8c67-1c738512a334,PFIN1324B2C64C9E5FB3,USER_DISQUALIFIED,user_disqualified,500
a8c13736-908f-48ae-9b62-6b3488e85a9c,PFIN270362BE898BAB85,USER_DISQUALIFIED,user_disqualified,500
f95ac8e7-421b-4614-9228-57eabe08e05c,PFIN01576398E290E5F6,USER_DISQUALIFIED,user_disqualified,500
63e48c13-501f-4549-9d6b-6fcc251be359,PFIN5921414420311498,USER_DISQUALIFIED,user_disqualified,500
7d21f2bd-c7ad-4960-9347-e2940d9e72ae,PFIN415825D0620F910B,USER_DISQUALIFIED,user_disqualified,500
b62016b2-269a-4760-ab05-0cf431d3a7c4,PFIN0808D099622256F0,USER_DISQUALIFIED,user_disqualified,500
a0392e8f-022b-44db-8776-b270b1478ad9,PFIN35348E725BE578F9,USER_DISQUALIFIED,user_disqualified,500
b5149240-0214-42b0-9273-38a988b2bfe0,PFIN1801C8D39784A0B1,USER_DISQUALIFIED,user_disqualified,500
737ead2b-180b-4fa2-8ca6-421677288ec8,PFIN100779BC1F51D5AE,USER_DISQUALIFIED,user_disqualified,500
9b08cda3-f8fb-4165-ba0a-95692be8c07f,PFIN3019CC1BAADA73A0,USER_DISQUALIFIED,user_disqualified,500
a057eaee-d386-406a-9e29-bb4e51ab9f11,PFIN523658B052E9C561,USER_DISQUALIFIED,user_disqualified,500
a68e5f48-4f1b-4f61-89eb-b70c4e1d4898,PFIN0631D03704CF4E5A,USER_DISQUALIFIED,user_disqualified,500
c9c77b42-4158-4c0a-a5a1-ccd94b6337ab,PFIN0103A03B62E6C039,USER_DISQUALIFIED,user_disqualified,500
706d92ad-e0c7-4cb0-b072-526fd9bc46c8,PFIN594467BDDD337AC3,USER_DISQUALIFIED,user_disqualified,500
e7577877-f4c1-4b32-90b0-62a9120d54ba,PFIN1103A41E3570E792,USER_DISQUALIFIED,user_disqualified,500
72221e66-08ba-4dc4-a01b-e668a4512a74,PFIN07316832B2D572C8,USER_DISQUALIFIED,user_disqualified,500
dbd19414-6e78-40d0-b516-2a304ef1cfdf,PFIN4605B648C9E22642,USER_DISQUALIFIED,user_disqualified,500
91c70c50-bbb5-4a0a-8a2a-180c7acfbe9d,PFIN452598B129C8234F,USER_DISQUALIFIED,user_disqualified,500
b394a1a2-7552-492b-a69b-897cbcda71c2,PFIN32595549BF9E9540,USER_DISQUALIFIED,user_disqualified,500
e2027979-9036-4af4-8326-d5e30d10b59f,PFIN4545C9DD184B52A2,USER_DISQUALIFIED,user_disqualified,500
8975f16e-82f9-4deb-9499-6b88ac5385d5,PFIN0435F8C371C7A1E1,USER_DISQUALIFIED,user_disqualified,500
a9c21c94-2709-4905-aac0-53a92e50758d,PFIN5950DBFFCFDEBD5C,USER_DISQUALIFIED,user_disqualified,500
caf28e26-0893-4f51-ba87-46a84fb62d3d,PFIN0535A54A3BEE13D0,USER_DISQUALIFIED,user_disqualified,500